,dst_port,flow_duration,tot_fwd_pkts,tot_bwd_pkts,totlen_fwd_pkts,totlen_bwd_pkts,fwd_pkt_len_max,fwd_pkt_len_min,fwd_pkt_len_mean,fwd_pkt_len_std,bwd_pkt_len_max,bwd_pkt_len_min,bwd_pkt_len_mean,bwd_pkt_len_std,flow_byts_s,flow_pkts_s,flow_iat_mean,flow_iat_std,flow_iat_max,flow_iat_min,fwd_iat_tot,fwd_iat_mean,fwd_iat_std,fwd_iat_max,fwd_iat_min,bwd_iat_tot,bwd_iat_mean,bwd_iat_std,bwd_iat_max,bwd_iat_min,fwd_psh_flags,bwd_psh_flags,fwd_urg_flags,bwd_urg_flags,fwd_header_len,bwd_header_len,fwd_pkts_s,bwd_pkts_s,pkt_len_min,pkt_len_max,pkt_len_mean,pkt_len_std,pkt_len_var,fin_flag_cnt,syn_flag_cnt,rst_flag_cnt,psh_flag_cnt,ack_flag_cnt,urg_flag_cnt,cwe_flag_count,ece_flag_cnt,down_up_ratio,pkt_size_avg,fwd_seg_size_avg,bwd_seg_size_avg,fwd_byts_b_avg,fwd_pkts_b_avg,fwd_blk_rate_avg,bwd_byts_b_avg,bwd_pkts_b_avg,bwd_blk_rate_avg,subflow_fwd_pkts,subflow_fwd_byts,subflow_bwd_pkts,subflow_bwd_byts,init_fwd_win_byts,init_bwd_win_byts,fwd_act_data_pkts,fwd_seg_size_min,active_mean,active_std,active_max,active_min,idle_mean,idle_std,idle_max,idle_min
dst_port,1.0,-0.15209745225422472,-0.004299893826796448,-0.003980763304477698,0.024359295663844146,-0.003236438753387801,0.09650245684279853,-0.043133007503538934,0.13985249168684952,0.12681223915910103,-0.19170487326844843,-0.24684606960057429,-0.21626932827517187,-0.17164278853040374,0.06064689894682004,0.2333623777016992,-0.09973303236288329,-0.11619077926256065,-0.11504991615985428,-0.021518217868488218,-0.15173891230949357,-0.09524774733001183,-0.09751827796612873,-0.11419688516574915,-0.04973320864691157,-0.10574810679474939,-0.06724146508793913,-0.03411455363960063,-0.051885653679098226,-0.04941138808944412,0.2247696264751788,,0.005407901154969211,,-0.004909846146535154,-0.004650549238181036,0.21811025652826407,0.13854889140426968,-0.25077330781163876,-0.12455835484755799,-0.148587014627049,-0.12070458326171904,-0.067123035717635,-0.03917862874253068,0.2247696264751788,-0.006592318206426225,-0.17977844603858603,0.5271538633952373,0.5036481361984559,0.005407901154969211,-0.006592318206426225,0.03728265889909758,-0.1499120427874641,0.13985249168684952,-0.21626932827517115,,,,,,,-0.004299893826796448,0.024359295663844146,-0.003980763304477698,-0.003236718940318144,-0.11132727587194292,0.20956381028195592,-0.0032856958494381435,-0.006444745209228987,-0.038893034752784425,-0.042721274536743986,-0.0541223805980481,-0.026169419989247062,-0.11299800197037356,0.010489669334061433,-0.10861047511175666,-0.1150386975000335
flow_duration,-0.15209745225422472,1.0,0.022406079093474,0.021007688573354187,0.12191094414243545,0.018274499226368552,0.2751105574723725,-0.10392088460463855,0.14354814935354043,0.23679158476672685,0.499163325750032,-0.2153332071452208,0.4637358402634237,0.44660499659974867,-0.02389761894645955,-0.1223053471752566,0.5342113777207975,0.7397194887598241,0.7842837000745744,0.06630933735643786,0.9985517136967721,0.5495481566614475,0.7256669531215436,0.7838425300800038,0.21161678032700734,0.8229411296028347,0.41402787100650146,0.5232395285365259,0.5857575062073392,0.21411453960936144,-0.010685821346767297,,-0.004896640892705225,,0.024122750789797944,0.023113466383815052,-0.1132266444520285,-0.08106001157957757,-0.23377814630631083,0.5148900210912174,0.4335343995594442,0.4601693117068969,0.2841380340287015,0.1840552794658907,-0.010685821346767297,0.016070978115380486,0.16902956562084395,0.02492000024386344,-0.10295093466242923,-0.004896640892705225,0.016070978115380486,-0.14876996890205063,0.4116957446566364,0.14354814935354043,0.46373584026342785,,,,,,,0.022406079093474,0.12191094414243545,0.021007688573354187,0.018275513002256452,0.09889698768333637,-0.020638285745946307,0.017470141034776804,-0.07538434182996753,0.20076396245393083,0.23665939248641063,0.30315528260124547,0.12933771537472502,0.7680126593120941,0.24199461028899147,0.7795040381031026,0.738600498434176
tot_fwd_pkts,-0.004299893826796448,0.022406079093474,1.0,0.9996194837921549,0.7121796501800872,0.9998424295232595,0.009302993756530169,-0.0029898482838640315,-0.00020191929264400072,0.0012211745602401138,0.02201246267857246,-0.005771074400495539,0.021507026950633404,0.005892144492400304,0.00026971988323144406,-0.0026638414833060862,-0.0010884826313544895,-0.0006182526781661108,0.001817838574029811,-0.0005425171178789744,0.02232044462176536,-0.001096447719578968,-5.7771581226987377e-05,0.0016941423636831912,-0.0011441831187044033,0.0260564154011941,-0.0006783714426987213,0.0006484732012364471,0.0030625645718648903,-0.0009963442630395302,-0.0009862808187230039,,-0.0001111069594454272,,0.9995628558900966,0.9985978498134063,-0.002467964247107065,-0.0017570376246093195,-0.0065306550916646566,0.021189428555144506,0.02466049611946184,0.011721476529291338,0.004730642387026746,-0.001436880872201355,-0.0009862808187230039,0.0022272540642964238,0.00825398602923104,-0.0002959865934041406,-0.0035191555545613005,-0.0001111069594454272,0.0022272540642964238,0.0013779752192303386,0.022291396529118625,-0.00020191929264400072,0.021507026950634046,,,,,,,1.0,0.7121796501800872,0.9996194837921549,0.9998404862693975,0.003812624403565119,-1.1544990581934044e-05,0.8814560770113423,-0.005581166057567841,0.00760698964261214,0.007772246886407566,0.009534025141351939,0.004901753540606722,0.001280528460820786,0.0008771569397233462,0.0013887623050600668,0.0011199376938777676
tot_bwd_pkts,-0.003980763304477698,0.021007688573354187,0.9996194837921549,1.0,0.7051641030696748,0.9996072218583929,0.008892482791663015,-0.002589581173358085,-0.0005375158120590555,0.0008323981777878888,0.02174551020863682,-0.005026099791128993,0.02140036559735771,0.005522714484930853,0.00019220529062357404,-0.002763822423360033,-0.0014250601121123683,-0.0010985408505120562,0.001303844860976425,-0.0005633437127143651,0.020908446094227335,-0.001281956439757374,-0.0005944038439283734,0.0011735913119460025,-0.0010167841892289983,0.02517927245861899,-0.0008444139342439627,0.00041164314344410095,0.0030342088594951726,-0.0009535033679077578,-0.001245062112370591,,-0.0001160176441557174,,0.9994848878892587,0.9993851221977084,-0.0026201972259919356,-0.001428040875578689,-0.005886498747399667,0.0208690385245365,0.024799828814917855,0.011463150336797756,0.004688636711155651,-0.001315903648351494,-0.001245062112370591,0.0014799048771971981,0.0076431789779442755,-0.0004580085195380946,-0.002869366601846342,-0.0001160176441557174,0.0014799048771971981,0.0036780689022721832,0.022461300439995044,-0.0005375158120590555,0.021400365597358733,,,,,,,0.9996194837921548,0.7051641030696748,1.0,0.9995940924235966,0.0032155937497081754,-4.80947934569303e-05,0.8727382362890708,-0.0050544897242579745,0.006228383671661273,0.00609427056364191,0.007485952091866133,0.004374662147055295,0.0008505406541327926,0.0005408886510802976,0.0009012365842158403,0.0007460746232312605
totlen_fwd_pkts,0.024359295663844146,0.12191094414243545,0.7121796501800872,0.7051641030696748,1.0,0.7113313747839494,0.34736407673502634,0.001014808913775226,0.3401222280065985,0.29635375549733456,0.04441478212298465,-0.04820659376619642,0.0392265220335992,0.020285834842426357,0.005857963027760513,-0.025747353148882338,0.009274325034232212,0.029846637552570915,0.051380600106091225,-0.005246125898783297,0.12052535050360477,0.012438737721917987,0.04562490090992266,0.0518715746234121,-0.010059196662749006,0.14458863275464567,0.015900734753821453,0.07095254599094435,0.07979849283626649,-0.008135191593436255,0.008471055106512105,,-0.0011661030917384722,,0.7103773787933216,0.7041997262329948,-0.023685938949696925,-0.018070437989661944,-0.04960934291840494,0.1361684214199046,0.15967975073892207,0.11087827445872722,0.06339384168057662,-0.012020283904988603,0.008471055106512105,0.021447237157841886,0.08217533147178196,-0.011057062033140596,-0.007510179125097707,-0.0011661030917384722,0.021447237157841886,-0.017763487876961435,0.1499740132873878,0.3401222280065985,0.039226522033600726,,,,,,,0.7121796501800872,1.0,0.7051641030696748,0.7114672673197512,0.05843128964252908,0.023415074868348824,0.796810531040837,-0.026689215688253172,0.15548439705518002,0.1653945419320586,0.19060760331056534,0.0921515387485665,0.04387105713277571,0.050455572648719235,0.0500960322603706,0.03644288699880412
totlen_bwd_pkts,-0.003236438753387801,0.018274499226368552,0.9998424295232595,0.9996072218583929,0.7113313747839494,1.0,0.006885361750773277,-0.0022532411952403816,-0.0015414233095307817,-0.0005283519314970383,0.021019579246876228,-0.004225413235799182,0.020734737882449353,0.005383693088166709,0.0003331508456685243,-0.0020180624081999705,-0.0014495497057389899,-0.001253606080071621,0.0007381252546674894,-0.0004073117740495708,0.018217044219792908,-0.0013577724838841373,-0.0008195389907198961,0.0006269436449028208,-0.0008608353376011717,0.021725163181268176,-0.0011781351983440433,-0.000506860095444579,0.0016838425938723383,-0.0008429627370491597,-0.0011256256921206027,,-8.33983516554668e-05,,0.9994589799494409,0.9987957413817994,-0.0019001607005507842,-0.0011293254566597359,-0.004913256719176413,0.01994775304531984,0.02358857024886509,0.010899999823973376,0.005035715195990633,-0.0009487862780358364,-0.0011256256921206027,0.0010586525797997778,0.005257673225185732,0.0007383859988421757,-0.002419035941463269,-8.33983516554668e-05,0.0010586525797997778,0.003295550901893816,0.02143025814555597,-0.0015414233095307817,0.02073473788244997,,,,,,,0.9998424295232593,0.7113313747839494,0.9996072218583929,0.999999794812286,0.0014513824445934436,-0.0002453151432199772,0.8834086613835276,-0.004885274988939726,0.004103519369146731,0.003939050207462527,0.004737104339882466,0.0029161051514514855,0.0003312284910207744,0.0002085691234255449,0.00034471481099214885,0.0002931111006514237
fwd_pkt_len_max,0.09650245684279853,0.2751105574723725,0.009302993756530169,0.008892482791663015,0.34736407673502634,0.006885361750773277,1.0,0.009867404050955278,0.8860776108918224,0.9692241040335153,0.09995786859701125,-0.12886433742206638,0.08120533966020584,0.08009201854505898,0.03958346664670115,-0.06819030721736619,0.0725100715430582,0.1597305647069852,0.2034642482900588,-0.014109403795786794,0.2710734680851052,0.08841575598964643,0.2259559541461301,0.2074407562929778,-0.025535947023979096,0.3008492368111462,0.06995916838173007,0.2720145076896246,0.26148086697641926,-0.024175321708589326,0.006687074297105438,,-0.0032683113091422993,,0.010473910586932903,0.010060363558579062,-0.06251876256404669,-0.04923601950749575,-0.13915651302062332,0.38641662967979756,0.345661782487288,0.3517435697419697,0.2546273493186517,-0.008623322091229383,0.006687074297105438,0.022733608880967465,0.21206468377969417,-0.03013339793302663,0.02354246679706467,-0.0032683113091422993,0.022733608880967465,-0.04242591626316652,0.3372606184215848,0.8860776108918224,0.08120533966022608,,,,,,,0.009302993756530169,0.3473640767350263,0.008892482791663015,0.006883827936757863,0.1556595926374385,0.025599804676327626,0.0062894216568098425,-0.054686242762204226,0.1327582164702185,0.09314391918607375,0.14817115519814156,0.11274720928247796,0.18307031391475248,0.17953223928555767,0.2016465748212252,0.15888095546569692
fwd_pkt_len_min,-0.043133007503538934,-0.10392088460463855,-0.0029898482838640315,-0.002589581173358085,0.001014808913775226,-0.0022532411952403816,0.009867404050955278,1.0,0.26842205089273197,-0.07093832914930814,-0.11952797718066108,0.282234178895175,-0.10053482051821663,-0.12099121562377198,0.06130546420536732,-0.052853128344636575,-0.018746221674505424,-0.051532509748205356,-0.07460460521451044,0.0014735892789240102,-0.10800992580593592,-0.012294949379466576,-0.09633904281673694,-0.08155607295242595,0.03857787692769693,-0.07291562165590339,0.014329436175038403,-0.04750601362887157,-0.031183924143270262,0.03646590586990102,0.0980206168742649,,-0.0034289747151595926,,-0.0034045950581385823,-0.002981399174005975,-0.05341566201086011,-0.005538754189481869,0.42019599127647556,-0.09913735458509079,-0.03223199042562922,-0.08534799121179876,-0.07828134787255282,-0.05126822528077131,0.0980206168742649,-0.0048008526970403425,-0.19607721129993588,-0.10598950357035355,0.013943272192199022,-0.0034289747151595926,-0.0048008526970403425,0.2934902014191725,-0.012773404667183354,0.26842205089273197,-0.10053482051821842,,,,,,,-0.002989848283864032,0.0010148089137752261,-0.002589581173358085,-0.0022534390030781192,-0.1405244029899501,-0.06224867199764196,-0.002105141022075896,-0.011927345394337225,-0.03573766840347355,-0.030055940951525657,-0.04330202908807239,-0.028084407113355345,-0.07039391889552633,-0.029304924029093554,-0.07246366289728058,-0.06662552129593916
fwd_pkt_len_mean,0.13985249168684952,0.14354814935354043,-0.00020191929264400072,-0.0005375158120590555,0.3401222280065985,-0.0015414233095307817,0.8860776108918224,0.26842205089273197,1.0,0.8906980628362184,0.010529828860402103,-0.027235466393178635,0.0011190869154067186,0.006339051124416247,0.1008294876241369,-0.05683270071260852,0.05287011912703683,0.12040891771868223,0.14936256478571636,-0.010574972839617676,0.13972946944096346,0.0711296897930517,0.1695160257956717,0.15250265577686203,-0.008152132164663118,0.17616951798390695,0.06576029105745915,0.23583592046023052,0.22760685564332073,-0.005996970265181551,0.0631856060385477,,-0.003498637564490657,,-1.1679173235301366e-05,-0.00037942546152042205,-0.05217786176077373,-0.04056202018768613,-0.0005140650616748073,0.29181502792227965,0.3122196237402559,0.28576849299522666,0.21099390190659642,-0.020394220994439,0.0631856060385477,0.014415634701871606,0.07946617807241639,-0.01203068069999606,0.05044591608916712,-0.003498637564490657,0.014415634701871606,0.042559883838063736,0.3151154803960867,1.0,0.0011190869154035542,,,,,,,-0.00020191929264400056,0.3401222280065985,-0.0005375158120590555,-0.0015414802945246692,0.04557250522580473,-0.006478180796170766,0.00013984323952220742,-0.06419258808077263,0.09737972607275719,0.05754483652351809,0.095356938908158,0.08380313634955855,0.1276361357509253,0.1798658872699115,0.1482890378466138,0.10373299208087337
fwd_pkt_len_std,0.12681223915910103,0.23679158476672685,0.0012211745602401138,0.0008323981777878888,0.29635375549733456,-0.0005283519314970383,0.9692241040335153,-0.07093832914930814,0.8906980628362184,1.0,0.09013025061081117,-0.14143037531707683,0.07162479277714913,0.08086389966947176,0.07313796042786647,-0.05042039908893407,0.07521342955838937,0.16661767713420264,0.20747732604004787,-0.013004619458147345,0.23345807587529716,0.09313738218987164,0.2393553750765154,0.21269729525957118,-0.02508402721588625,0.2527826947461296,0.0675159677975378,0.2758905899938514,0.25973724400643994,-0.024010976052354437,0.01586122173002644,,-0.0027679001319928236,,0.0017773011543526687,0.001373316765656564,-0.044880873383868695,-0.045267032843152054,-0.16244136230574957,0.3792969032450442,0.3371987185785755,0.3594453854995467,0.277181675046072,0.003976324015431996,0.01586122173002644,0.016038490445666735,0.18858618518589754,0.001923088165008452,0.03777511273501476,-0.0027679001319928236,0.016038490445666735,-0.05865576254554824,0.3326615485158627,0.8906980628362184,0.0716247927771513,,,,,,,0.0012211745602401134,0.29635375549733456,0.0008323981777878885,-0.0005283068547485393,0.13188579453565483,0.022963603127042775,0.0008572617801612592,-0.05797233536608135,0.11374128430513611,0.07076719982005636,0.12043155761565369,0.09995616420317005,0.1852227327892279,0.19291502337275201,0.20555385363971454,0.15966814915800906
bwd_pkt_len_max,-0.19170487326844843,0.499163325750032,0.02201246267857246,0.02174551020863682,0.04441478212298465,0.021019579246876228,0.09995786859701125,-0.11952797718066108,0.010529828860402103,0.09013025061081117,1.0,-0.2158999773179549,0.9587812929964699,0.9825687926938798,-0.022993318952579507,-0.1238730260112161,0.2248640386765296,0.4900017597951493,0.581396946976249,-0.024181592969723466,0.49542515988613617,0.21902248873013122,0.6029122888610787,0.5768752387317676,-0.045781096408947675,0.22886675755257785,0.049100440823436814,0.2898793493229555,0.2479894921292678,-0.04418955443158116,-0.09182889320819929,,-0.004987867951016138,,0.02386199958848055,0.023539030803620686,-0.11497865515351086,-0.0801183483423086,-0.2577562029029746,0.9497631230685638,0.8796327384648267,0.9409052455614606,0.8553820501769147,0.20991680076091832,-0.09182889320819929,0.007630642444951288,0.2351340196286714,-0.024446454904746107,-0.14359104095984543,-0.004987867951016138,0.007630642444951288,-0.03235584193008035,0.8744105898640187,0.010529828860402103,0.9587812929964569,,,,,,,0.02201246267857246,0.044414782122984664,0.021745510208636815,0.021020157302504058,0.11274805021561222,-0.04937022483361355,0.015468884092054984,-0.10610985866839137,0.08404123995017047,0.041846605094710006,0.08378295168194473,0.08107936405936483,0.578737748132631,0.16712890718068393,0.5831726853991964,0.5613436462033911
bwd_pkt_len_min,-0.24684606960057429,-0.2153332071452208,-0.005771074400495539,-0.005026099791128993,-0.04820659376619642,-0.004225413235799182,-0.12886433742206638,0.282234178895175,-0.027235466393178635,-0.14143037531707683,-0.2158999773179549,1.0,-0.14399875584559274,-0.2351134652344663,-0.01982456762256852,-0.14895483062073311,-0.08232223469358313,-0.1294551163914257,-0.16808897025920713,-0.027301615305070182,-0.21150324673770396,-0.049566850273198015,-0.18365419356829868,-0.16543448155055368,0.04462406156252198,-0.1542114395697022,0.006024473608927166,-0.11975732637142693,-0.08808692266841335,0.05719087315134164,-0.08991307902927147,,-0.00663893468737555,,-0.006529240911294087,-0.005752563114595331,-0.1448380271117743,-0.052993600209254955,0.722443243364445,-0.22931682993588265,-0.15880946005521582,-0.21703991895738148,-0.1698084534125298,-0.10676968865050958,-0.08991307902927147,-0.009295066352765103,-0.3727674966160103,-0.37181832323498193,-0.18252614210027163,-0.00663893468737555,-0.009295066352765103,0.2199390882020043,-0.13257687613260055,-0.02723546639317864,-0.1439987558455976,,,,,,,-0.005771074400495539,-0.04820659376619641,-0.005026099791128993,-0.004225827780731536,-0.2774727222263011,-0.1297470759433646,-0.004123611474033131,0.048400593650741015,-0.07274546204473946,-0.05722686333110297,-0.08488722593656982,-0.058659177981083346,-0.15626603285041826,-0.053858303145488264,-0.15918808724498124,-0.14972242143464645
bwd_pkt_len_mean,-0.21626932827517187,0.4637358402634237,0.021507026950633404,0.02140036559735771,0.0392265220335992,0.020734737882449353,0.08120533966020584,-0.10053482051821663,0.0011190869154067186,0.07162479277714913,0.9587812929964699,-0.14399875584559274,1.0,0.9407968822051301,-0.025045427105603084,-0.1388362078327403,0.21333958262696426,0.4823010488004481,0.5781694640365005,-0.02696622191626469,0.4603649702062466,0.21025419248811114,0.5925914869635421,0.5735056068716077,-0.04237127844854496,0.1670267399084566,0.029271220115894052,0.23669504108314707,0.2072303614350145,-0.03971157482098359,-0.10122520528563837,,-0.005640901221274778,,0.023546419954109714,0.023406519215068082,-0.12938629890750977,-0.08635551208839598,-0.20845348669092634,0.9065020369847749,0.9208833091413712,0.9206297679831685,0.7960047506713706,0.17979220346447192,-0.10122520528563837,0.00821678302888444,0.21322030895235683,-0.043671698959968225,-0.161473313340837,-0.005640901221274778,0.00821678302888444,-0.005431477395359176,0.9150457740602893,0.0011190869154067155,1.0,,,,,,,0.021507026950633404,0.0392265220335992,0.021400365597357706,0.020736647835348426,0.10580319262452,-0.06124031489520517,0.016562220882266724,-0.10001882543351301,0.0823030368710352,0.034856827747483915,0.07638401376942806,0.08144723033498957,0.5748551780779969,0.16798179172224859,0.5794726737487464,0.5575919058132337
bwd_pkt_len_std,-0.17164278853040374,0.44660499659974867,0.005892144492400304,0.005522714484930853,0.020285834842426357,0.005383693088166709,0.08009201854505898,-0.12099121562377198,0.006339051124416247,0.08086389966947176,0.9825687926938798,-0.2351134652344663,0.9407968822051301,1.0,-0.020832939964717467,-0.11107276892551443,0.219511802239907,0.4735000990572932,0.5545483804190202,-0.02174155625693736,0.4433004121296116,0.20998346486994154,0.57883275918722,0.5503649715974276,-0.042893048330692116,0.17042195895452703,0.041972637160825936,0.2606549656874244,0.21366105283092868,-0.041722936336652104,-0.08426029346614021,,-0.004451788059340179,,0.006929576476111361,0.006507722231354485,-0.10288693315982939,-0.07324090078663606,-0.26494770041345755,0.9338762675995467,0.849376882960443,0.9431525385767835,0.893565770351909,0.19639550951986395,-0.08426029346614021,0.006788885476493823,0.22106662915993255,0.001825508254129606,-0.1282367216416835,-0.004451788059340179,0.006788885476493823,-0.04861498974605525,0.8490070634120604,0.006339051124416241,0.9407968822051062,,,,,,,0.005892144492400304,0.02028583484242635,0.005522714484930853,0.00538432591901169,0.09394224376796598,-0.04528883749823936,0.004195280943732446,-0.11103796455622802,0.06593943274171239,0.01820699891583879,0.05527362699460082,0.06976417965388419,0.5496388304635,0.17498228456213152,0.5560170184265157,0.531183053512757
flow_byts_s,0.06064689894682004,-0.02389761894645955,0.00026971988323144406,0.00019220529062357404,0.005857963027760513,0.0003331508456685243,0.03958346664670115,0.06130546420536732,0.1008294876241369,0.07313796042786647,-0.022993318952579507,-0.01982456762256852,-0.025045427105603084,-0.020832939964717467,1.0,0.21949904071953222,-0.01558613500403286,-0.019742328699046772,-0.020426159878357573,-0.002982829244220615,-0.023460139433202326,-0.014902470744592559,-0.01846275249102437,-0.020057964288368643,-0.006367253445831998,-0.01872719612971274,-0.011035454332833958,-0.012920498315564858,-0.014856567224825036,-0.006242816909141245,0.15955333987966475,,-0.0006105516990659939,,0.0002240484304426225,0.000112739638136288,0.22087003822026732,0.028924677728830332,0.012522267830437769,-0.005034162233721437,0.057361922076401874,0.010450287218392241,-0.0018072072771516579,-0.004337685732094763,0.15955333987966475,-0.0008494422518463832,-0.032571187778931344,0.048684418442936264,-0.015642525866153147,-0.0006105516990659939,-0.0008494422518463832,-0.04039407431291639,0.0879175506747786,0.1008294876241369,-0.02504542710560306,,,,,,,0.00026971988323144395,0.005857963027760514,0.00019220529062357401,0.0003331160671039658,-0.016137243313195573,-0.011744307624141621,0.00030505830779651585,-0.004814841984722336,-0.007340767937236895,-0.005587799528716034,-0.008408145531383216,-0.00598689895573668,-0.01914277955119801,-0.005944713872265758,-0.019413510107310898,-0.018443046670016183
flow_pkts_s,0.2333623777016992,-0.1223053471752566,-0.0026638414833060862,-0.002763822423360033,-0.025747353148882338,-0.0020180624081999705,-0.06819030721736619,-0.052853128344636575,-0.05683270071260852,-0.05042039908893407,-0.1238730260112161,-0.14895483062073311,-0.1388362078327403,-0.11107276892551443,0.21949904071953222,1.0,-0.07971345454553298,-0.10097319607524954,-0.1044834028973491,-0.015254274630772037,-0.12006418399228735,-0.07621481575739299,-0.09442839047405921,-0.10259602780758273,-0.03256159328134037,-0.0958734420721325,-0.05643859716277349,-0.06608820116163056,-0.07600363546551152,-0.03192526782540424,0.2106911100108421,,0.020988307988912828,,-0.0030094768258509723,-0.0032452092544756838,0.9877998160809928,0.23871519396724603,-0.12233313283937165,-0.12551047405119337,-0.13396063341201658,-0.12236750579955488,-0.08043554670224012,0.08106565152732587,0.2106911100108421,-0.004370192411897569,-0.10228658745812913,0.24391075030130313,-0.03003468915740174,0.020988307988912828,-0.004370192411897569,-0.20276136147283505,-0.13090090814876754,-0.05683270071260852,-0.13883620783274025,,,,,,,-0.0026638414833060867,-0.025747353148882338,-0.002763822423360033,-0.002018244925940635,-0.07492673689816776,-0.03746799753255885,-0.0020801171305772524,0.028252766029138877,-0.037587888147215906,-0.02860069465553083,-0.043041351726007336,-0.030659555068109762,-0.09791141407163892,-0.03040664441751954,-0.09929620475579977,-0.09433230788216415
flow_iat_mean,-0.09973303236288329,0.5342113777207975,-0.0010884826313544895,-0.0014250601121123683,0.009274325034232212,-0.0014495497057389899,0.0725100715430582,-0.018746221674505424,0.05287011912703683,0.07521342955838937,0.2248640386765296,-0.08232223469358313,0.21333958262696426,0.219511802239907,-0.01558613500403286,-0.07971345454553298,1.0,0.6971445125938415,0.6530562064374879,0.6502502265524144,0.534079919652927,0.8992481362797783,0.4226490495299382,0.6516485841441783,0.7724194894128649,0.34652393843267704,0.6180216854344919,0.2623957530433883,0.479875650990442,0.556470213514789,0.05838034762959323,,-0.003191589687356745,,-0.0008777417040300127,-0.0012543490008042968,-0.0738004933883416,-0.05283671595790262,-0.0411308763743404,0.22975154317864627,0.18300772018487366,0.21226761551600126,0.15821711761616095,0.12243715412812514,0.05838034762959323,0.005523957900607686,-0.060099180054418215,0.08803947050360313,-0.008812795794068727,-0.003191589687356745,0.005523957900607686,-0.08101242686567553,0.1783920369531407,0.05287011912703683,0.2133395826269529,,,,,,,-0.0010884826313544895,0.009274325034232209,-0.0014250601121123686,-0.0014496146768766198,0.01846466950536065,-0.02503159047140487,-0.0010866246387163541,-0.03871044953000017,0.07088829744100429,0.021014657732865646,0.0556158298249502,0.07211924213481756,0.6015490850062261,0.14040417736291835,0.6032510158501427,0.588229549078052
flow_iat_std,-0.11619077926256065,0.7397194887598241,-0.0006182526781661108,-0.0010985408505120562,0.029846637552570915,-0.001253606080071621,0.1597305647069852,-0.051532509748205356,0.12040891771868223,0.16661767713420264,0.4900017597951493,-0.1294551163914257,0.4823010488004481,0.4735000990572932,-0.019742328699046772,-0.10097319607524954,0.6971445125938415,1.0,0.9385056157952373,-0.018217715251745505,0.7393960807588744,0.82479000370345,0.810340358031576,0.9365206230519251,0.5074446592511481,0.46156563826990676,0.6673862136369526,0.4897064850856335,0.6794086038566455,0.5391310047712571,-0.008585651666493934,,-0.00404267169793415,,-0.00011378323449823073,-0.0006305937765224277,-0.09348051178686081,-0.06692788709838364,-0.12206376822742934,0.5010343560040157,0.4233176837667576,0.4700681090827112,0.34702742640165773,0.2619425400369376,-0.008585651666493934,0.016312664529813125,-0.07739453273827065,0.10983484509301374,-0.08237941103592757,-0.00404267169793415,0.016312664529813125,-0.08354109685224495,0.4131405681314663,0.12040891771868223,0.4823010488004283,,,,,,,-0.0006182526781661111,0.02984663755257091,-0.001098540850512056,-0.001253577972585373,-0.05556334084382661,-0.0384426934107744,-0.0009195239899589972,-0.08321764974027218,0.09578387085122496,0.0291388486372193,0.07047174605253173,0.09517646080009311,0.9314419642542406,0.2341389921558908,0.9357449559532417,0.9090283333950336
flow_iat_max,-0.11504991615985428,0.7842837000745744,0.001817838574029811,0.001303844860976425,0.051380600106091225,0.0007381252546674894,0.2034642482900588,-0.07460460521451044,0.14936256478571636,0.20747732604004787,0.581396946976249,-0.16808897025920713,0.5781694640365005,0.5545483804190202,-0.020426159878357573,-0.1044834028973491,0.6530562064374879,0.9385056157952373,1.0,0.10314962160430606,0.7839399357902291,0.6824180093654314,0.9169685046928476,0.9980174071007134,0.3108042283435763,0.44189049314773915,0.45577304752271663,0.5523636421547119,0.6490742890131651,0.30184437354162147,-0.007509422808760009,,-0.004183195860403559,,0.0026458412804188955,0.0020884481885100918,-0.09672987086262881,-0.06925343585384383,-0.17186138619815997,0.5969479534163508,0.5142380849091485,0.558244444119699,0.40439594924654215,0.29543601368088684,-0.007509422808760009,0.023933817670966806,-0.06544285984927772,0.14499102719600807,-0.07030486495169579,-0.004183195860403559,0.023933817670966806,-0.10718211136954553,0.500256968933626,0.14936256478571636,0.5781694640364847,,,,,,,0.0018178385740298109,0.051380600106091225,0.001303844860976425,0.0007388079869138705,-0.03405202556175962,-0.048344815559860005,0.0009565143077729975,-0.07659750414440034,0.14055359403424522,0.053356779775727274,0.10410246356602354,0.13180964279090135,0.9796597210818789,0.2789526798484468,0.9891183241921138,0.9516616092526385
flow_iat_min,-0.021518217868488218,0.06630933735643786,-0.0005425171178789744,-0.0005633437127143651,-0.005246125898783297,-0.0004073117740495708,-0.014109403795786794,0.0014735892789240102,-0.010574972839617676,-0.013004619458147345,-0.024181592969723466,-0.027301615305070182,-0.02696622191626469,-0.02174155625693736,-0.002982829244220615,-0.015254274630772037,0.6502502265524144,-0.018217715251745505,0.10314962160430606,1.0,0.06688615659730054,0.30352674914442057,-0.017760912716454795,0.10307404885907995,0.34739319885786163,-0.018335676552227943,-0.009894760151629612,-0.012859452697704313,-0.014256800837536023,-0.005054956108233174,0.08516997798670364,,-0.0006107875404367209,,-0.0005910753052927975,-0.0006593183945822152,-0.014123517211388947,-0.010110409210782713,0.008994275747656587,-0.02478527270824428,-0.02656579218891182,-0.02507582013944947,-0.01600167496470411,-0.009323666813305662,0.08516997798670364,-0.0008551258680164801,-0.03269748486106462,0.07106753500393356,0.07833272073979178,-0.0006107875404367209,-0.0008551258680164801,-0.05141322824030993,-0.025869369835117114,-0.010574972839617676,-0.02696622191626459,,,,,,,-0.0005425171178789744,-0.005246125898783297,-0.0005633437127143652,-0.0004073474007790757,0.07051883500115114,-0.012257570458704622,-0.0004297753552062113,0.02863396793454527,0.0005104711813591273,-0.005578819627093124,-0.0036341125070449417,0.0029821013726191816,0.03400765520208371,-0.004833765922660762,0.032365843033627405,0.03511829075980562
fwd_iat_tot,-0.15173891230949357,0.9985517136967721,0.02232044462176536,0.020908446094227335,0.12052535050360477,0.018217044219792908,0.2710734680851052,-0.10800992580593592,0.13972946944096346,0.23345807587529716,0.49542515988613617,-0.21150324673770396,0.4603649702062466,0.4433004121296116,-0.023460139433202326,-0.12006418399228735,0.534079919652927,0.7393960807588744,0.7839399357902291,0.06688615659730054,1.0,0.5513869318956764,0.7277677013483684,0.7863079504709194,0.21284563889418587,0.8197172172882893,0.41341031210754664,0.5195605206188355,0.5828992074375052,0.21528364220931417,-0.010316186128624824,,-0.004806922860295863,,0.024006426815885402,0.02299069202453599,-0.11115217061902329,-0.07957557667678064,-0.22949606051716345,0.511089753953699,0.42905055303976486,0.456345613581259,0.28248368629389387,0.1857650410213646,-0.010316186128624824,0.015135454752717397,0.16080449199944938,0.027293168425589914,-0.1047685562077537,-0.004806922860295863,0.015135454752717397,-0.16146679651853757,0.4074967626964426,0.13972946944096346,0.46036497020625045,,,,,,,0.022320444621765356,0.12052535050360477,0.020908446094227335,0.01821796189908683,0.09385113718748639,-0.021508335559785815,0.01739778568572148,-0.07318326273756279,0.19547229969524785,0.23281819103285398,0.2983820781954142,0.12510814495459063,0.768454677783228,0.24126618286833376,0.7798460190743519,0.7391471137777309
fwd_iat_mean,-0.09524774733001183,0.5495481566614475,-0.001096447719578968,-0.001281956439757374,0.012438737721917987,-0.0013577724838841373,0.08841575598964643,-0.012294949379466576,0.0711296897930517,0.09313738218987164,0.21902248873013122,-0.049566850273198015,0.21025419248811114,0.20998346486994154,-0.014902470744592559,-0.07621481575739299,0.8992481362797783,0.82479000370345,0.6824180093654314,0.30352674914442057,0.5513869318956764,1.0,0.42422578494993635,0.6836653138483414,0.8823186785496726,0.4270499848559132,0.8418500484818734,0.29469001774694914,0.6214870491179982,0.7878239641179866,0.022308295070575926,,-0.0030514978946779257,,-0.0009163349364423305,-0.0010863036764396674,-0.0705613780101873,-0.05051965797133659,-0.0060309516664650105,0.2293592133084153,0.19198684445103315,0.21283917163909247,0.15577698459619801,0.1555123232783563,0.022308295070575926,0.0041667178516191315,-0.0724226159003072,0.03050352538947324,-0.03962898509757003,-0.0030514978946779257,0.0041667178516191315,-0.03962956173013679,0.18787073409967434,0.0711296897930517,0.21025419248809998,,,,,,,-0.001096447719578968,0.012438737721917986,-0.0012819564397573743,-0.001357829652750376,-0.02749414259415926,-0.03085962031707214,-0.0010464056419637671,-0.060901485593026626,0.048092820696907505,0.013359068638446568,0.038505482291182606,0.04999879516822861,0.6621461280997899,0.1256708626129706,0.6594702508240259,0.651702094611287
fwd_iat_std,-0.09751827796612873,0.7256669531215436,-5.7771581226987377e-05,-0.0005944038439283734,0.04562490090992266,-0.0008195389907198961,0.2259559541461301,-0.09633904281673694,0.1695160257956717,0.2393553750765154,0.6029122888610787,-0.18365419356829868,0.5925914869635421,0.57883275918722,-0.01846275249102437,-0.09442839047405921,0.4226490495299382,0.810340358031576,0.9169685046928476,-0.017760912716454795,0.7277677013483684,0.42422578494993635,1.0,0.9192946917699175,-0.034975673811773425,0.3862943576695143,0.20625093349857487,0.6320589177264596,0.5502215189566865,-0.0007760468873215081,-0.018775258335995557,,-0.0037806619073439815,,0.0005951062160105565,3.781954130456484e-05,-0.08742205302692249,-0.06259098625974821,-0.20814215317860124,0.6265771227532478,0.5362784876091101,0.5910099615614479,0.4352818346729689,0.3662344867675383,-0.018775258335995557,0.01887090061910416,-0.06357153528296486,0.14952340220417265,-0.06935608452308964,-0.0037806619073439815,0.01887090061910416,-0.1232609057310658,0.5232367758994249,0.16951602579567165,0.5925914869635203,,,,,,,-5.777158122698717e-05,0.04562490090992266,-0.0005944038439283735,-0.0008194513836379499,-0.04674547262003685,-0.03424957935922373,-0.0005779104182507528,-0.07937587879506326,0.10187878016475106,0.032194892463486516,0.07548899697775392,0.10062861059526698,0.9055308631622437,0.2768966695130682,0.9162220355464681,0.8769221139191433
fwd_iat_max,-0.11419688516574915,0.7838425300800038,0.0016941423636831912,0.0011735913119460025,0.0518715746234121,0.0006269436449028208,0.2074407562929778,-0.08155607295242595,0.15250265577686203,0.21269729525957118,0.5768752387317676,-0.16543448155055368,0.5735056068716077,0.5503649715974276,-0.020057964288368643,-0.10259602780758273,0.6516485841441783,0.9365206230519251,0.9980174071007134,0.10307404885907995,0.7863079504709194,0.6836653138483414,0.9192946917699175,1.0,0.31083352312637147,0.44176759255764797,0.4547990524463273,0.5498595608008864,0.6469943940136234,0.30168217121256025,-0.0078244978452683,,-0.004107631257586692,,0.002489549760154135,0.0019412179122435566,-0.09498269104309053,-0.06800345522721973,-0.16893675294935068,0.5947981602624103,0.5102125183388972,0.5555536789599032,0.4030059244102263,0.2954303254011949,-0.0078244978452683,0.022859089468862642,-0.07006586867066943,0.1458830314564314,-0.07194494361761385,-0.004107631257586692,0.022859089468862642,-0.12214654852009994,0.4963488423486467,0.152502655776862,0.5735056068715929,,,,,,,0.0016941423636831912,0.051871574623412096,0.0011735913119460025,0.000627513662604642,-0.037239948076440564,-0.049046079538531295,0.0008549911508152023,-0.07452607394124279,0.13738818169557765,0.052330115657212434,0.10216765559718266,0.12883835696896948,0.9779409909122153,0.2843427291713969,0.9881631732073721,0.9491663615290495
fwd_iat_min,-0.04973320864691157,0.21161678032700734,-0.0011441831187044033,-0.0010167841892289983,-0.010059196662749006,-0.0008608353376011717,-0.025535947023979096,0.03857787692769693,-0.008152132164663118,-0.02508402721588625,-0.045781096408947675,0.04462406156252198,-0.04237127844854496,-0.042893048330692116,-0.006367253445831998,-0.03256159328134037,0.7724194894128649,0.5074446592511481,0.3108042283435763,0.34739319885786163,0.21284563889418587,0.8823186785496726,-0.034975673811773425,0.31083352312637147,1.0,0.22138707800411683,0.808651816191236,-0.0205739947567756,0.3975735719645446,0.8750074067412933,0.03229510650265901,,-0.0013037429454263454,,-0.0012799229592774866,-0.0011608908885382262,-0.03014722930837442,-0.021584634015229757,0.10602275367706443,-0.04800097004147247,-0.041722774831876676,-0.04823935935829548,-0.03409032132938765,-0.02251221061240343,0.03229510650265901,-0.001825112199188447,-0.0731835599633955,-0.021576280793431272,-0.00429490179093647,-0.0013037429454263454,-0.001825112199188447,0.022728857099502085,-0.039693323592883974,-0.008152132164663121,-0.04237127844854525,,,,,,,-0.0011441831187044033,-0.010059196662749008,-0.0010167841892289983,-0.0008609098579326426,-0.020099454157510764,-0.025132608683211297,-0.0008314104878623914,-0.020962162421212682,-0.0014492557602870538,-0.011444016728706782,-0.009126988307583735,0.0032171256998341138,0.29496194540873466,-0.004120622192974817,0.28546806244901707,0.2989904317025115
bwd_iat_tot,-0.10574810679474939,0.8229411296028347,0.0260564154011941,0.02517927245861899,0.14458863275464567,0.021725163181268176,0.3008492368111462,-0.07291562165590339,0.17616951798390695,0.2527826947461296,0.22886675755257785,-0.1542114395697022,0.1670267399084566,0.17042195895452703,-0.01872719612971274,-0.0958734420721325,0.34652393843267704,0.46156563826990676,0.44189049314773915,-0.018335676552227943,0.8197172172882893,0.4270499848559132,0.3862943576695143,0.44176759255764797,0.22138707800411683,1.0,0.5116223775747004,0.6446062516900426,0.7230119726259705,0.2671209788443809,0.004369990416439543,,-0.0038385819244295704,,0.02795699173936558,0.027412183353661638,-0.08876062462934474,-0.06354271756162766,-0.1682088239412539,0.26603469958304915,0.22487523583807476,0.2207566892013084,0.09128390977272761,0.21293410474853633,0.004369990416439543,-0.002045298044147329,0.26008645084949533,-0.15128385932282537,-0.07610490362002084,-0.0038385819244295704,-0.002045298044147329,-0.04451980108143486,0.20563493259154247,0.17616951798390695,0.16702673990847122,,,,,,,0.026056415401194098,0.1445886327546457,0.02517927245861899,0.021726294356292405,0.13962174958718507,-0.003934576157452493,0.020958693339789794,-0.09487495952411136,0.155471137634319,0.26339283433425104,0.29667235694307625,0.0727454753133162,0.4443657085310551,0.11942855431480077,0.44893558306793097,0.42775820075099547
bwd_iat_mean,-0.06724146508793913,0.41402787100650146,-0.0006783714426987213,-0.0008444139342439627,0.015900734753821453,-0.0011781351983440433,0.06995916838173007,0.014329436175038403,0.06576029105745915,0.0675159677975378,0.049100440823436814,0.006024473608927166,0.029271220115894052,0.041972637160825936,-0.011035454332833958,-0.05643859716277349,0.6180216854344919,0.6673862136369526,0.45577304752271663,-0.009894760151629612,0.41341031210754664,0.8418500484818734,0.20625093349857487,0.4547990524463273,0.808651816191236,0.5116223775747004,1.0,0.3323898846280691,0.7073984870337366,0.930935453832512,0.0434191071568246,,-0.0022597410261526677,,-0.0005727166861819775,-0.0006999619609833921,-0.05225311139386583,-0.03741128041135814,0.04072498360213266,0.06308365914020257,0.0480384456058395,0.05367064576409813,0.03131656353698863,0.11907987223229026,0.0434191071568246,-0.0027281024407618884,-0.017938917003848316,-0.0742214817751587,-0.04982867221033871,-0.0022597410261526677,-0.0027281024407618884,0.02116874929295097,0.046005564093087745,0.06576029105745916,0.029271220115890513,,,,,,,-0.0006783714426987212,0.01590073475382145,-0.0008444139342439628,-0.0011782082643831426,-0.018793944794105313,-0.027088693376585614,-0.0005202677365390501,-0.07062053108292836,0.050053156606603276,0.07279558521005866,0.06272222674546526,0.021933112463364043,0.4603549008758162,0.083358826627666,0.46058512260970325,0.45337036509687406
bwd_iat_std,-0.03411455363960063,0.5232395285365259,0.0006484732012364471,0.00041164314344410095,0.07095254599094435,-0.000506860095444579,0.2720145076896246,-0.04750601362887157,0.23583592046023052,0.2758905899938514,0.2898793493229555,-0.11975732637142693,0.23669504108314707,0.2606549656874244,-0.012920498315564858,-0.06608820116163056,0.2623957530433883,0.4897064850856335,0.5523636421547119,-0.012859452697704313,0.5195605206188355,0.29469001774694914,0.6320589177264596,0.5498595608008864,-0.0205739947567756,0.6446062516900426,0.3323898846280691,1.0,0.852659787714185,-0.008622068645520628,-0.007090662249130302,,-0.0026460869163899793,,0.0011171395911407447,0.0010319106843190507,-0.061186691738378964,-0.04380666706012782,-0.1341978409565014,0.34440273892473927,0.2962975230529031,0.3205378816170616,0.2189828183986499,0.4815012870624303,-0.007090662249130302,-0.0021104215958067094,0.04591293586720909,-0.08951742199469985,-0.0214463992823265,-0.0026460869163899793,-0.0021104215958067094,0.02796213109793046,0.28653255653982035,0.23583592046023052,0.23669504108313774,,,,,,,0.0006484732012364471,0.07095254599094435,0.00041164314344410095,-0.0005067787926969437,0.01699825254514926,-0.02765303684133907,0.00041021825537323884,-0.11947056024666447,0.09451887123149366,0.0957089012141964,0.10199833059936028,0.06201954638173012,0.5492956811406307,0.1646862504824447,0.5572682091699347,0.5317129488463277
bwd_iat_max,-0.051885653679098226,0.5857575062073392,0.0030625645718648903,0.0030342088594951726,0.07979849283626649,0.0016838425938723383,0.26148086697641926,-0.031183924143270262,0.22760685564332073,0.25973724400643994,0.2479894921292678,-0.08808692266841335,0.2072303614350145,0.21366105283092868,-0.014856567224825036,-0.07600363546551152,0.479875650990442,0.6794086038566455,0.6490742890131651,-0.014256800837536023,0.5828992074375052,0.6214870491179982,0.5502215189566865,0.6469943940136234,0.3975735719645446,0.7230119726259705,0.7073984870337366,0.852659787714185,1.0,0.46369366691646585,0.016596301252245996,,-0.003043067776228965,,0.003721659648710198,0.003849715810647345,-0.07036616307401314,-0.05037781628077265,-0.0824470305228034,0.3015009204551268,0.26925833455052495,0.2753544029344511,0.17935582685463852,0.4151974059432118,0.016596301252245996,-0.0011439124854412117,0.02652011728884725,-0.09966692376675007,-0.032633380343932664,-0.003043067776228965,-0.0011439124854412117,0.047590436192706254,0.2588408343615645,0.2276068556433207,0.207230361435007,,,,,,,0.00306256457186489,0.07979849283626649,0.0030342088594951726,0.0016847518186770601,0.0022238130469573797,-0.03510472919209458,0.002436757904598906,-0.12949662391591701,0.12944248167169417,0.10696197456196427,0.12309254414511941,0.09403082950727408,0.648720905369746,0.1726661531615464,0.6549934447071455,0.6313429630477048
bwd_iat_min,-0.04941138808944412,0.21411453960936144,-0.0009963442630395302,-0.0009535033679077578,-0.008135191593436255,-0.0008429627370491597,-0.024175321708589326,0.03646590586990102,-0.005996970265181551,-0.024010976052354437,-0.04418955443158116,0.05719087315134164,-0.03971157482098359,-0.041722936336652104,-0.006242816909141245,-0.03192526782540424,0.556470213514789,0.5391310047712571,0.30184437354162147,-0.005054956108233174,0.21528364220931417,0.7878239641179866,-0.0007760468873215081,0.30168217121256025,0.8750074067412933,0.2671209788443809,0.930935453832512,-0.008622068645520628,0.46369366691646585,1.0,0.047618357645265584,,-0.001278270253476181,,-0.0011036241585004806,-0.0010798588438336433,-0.02955810950182777,-0.021162729327241503,0.1005108406370356,-0.046524132828794224,-0.0388356877483265,-0.04649912162244566,-0.033433503468307146,-0.021108446983545873,0.047618357645265584,-0.001787499035699793,-0.06494176046588215,-0.03789580965562535,-0.03704311971159229,-0.001278270253476181,-0.001787499035699793,0.030298404680835535,-0.03724950746852136,-0.005996970265181552,-0.03971157482098387,,,,,,,-0.0009963442630395302,-0.008135191593436257,-0.0009535033679077579,-0.0008430356139828343,-0.04323354067237779,-0.021117691996576014,-0.000692986758071195,-0.03583650264071404,0.0172098010551974,0.02471418134669587,0.012726510590676633,0.004956837787489364,0.30841031116153883,0.029404596853089403,0.30498981759397265,0.3079475298007441
fwd_psh_flags,0.2247696264751788,-0.010685821346767297,-0.0009862808187230039,-0.001245062112370591,0.008471055106512105,-0.0011256256921206027,0.006687074297105438,0.0980206168742649,0.0631856060385477,0.01586122173002644,-0.09182889320819929,-0.08991307902927147,-0.10122520528563837,-0.08426029346614021,0.15955333987966475,0.2106911100108421,0.05838034762959323,-0.008585651666493934,-0.007509422808760009,0.08516997798670364,-0.010316186128624824,0.022308295070575926,-0.018775258335995557,-0.0078244978452683,0.03229510650265901,0.004369990416439543,0.0434191071568246,-0.007090662249130302,0.016596301252245996,0.047618357645265584,1.0,,0.05029158944256454,,-0.0010989741441444413,-0.001455374821017997,0.21908757956807903,-0.020928267133578458,-0.10302315658827019,-0.07592292840409798,-0.06402908571358779,-0.06923711397631718,-0.05469183832875076,-0.04296039202969116,1.0,-0.003480350954219664,-0.14434970102858266,0.3248818031807715,-0.009455451494899543,0.05029158944256454,-0.003480350954219664,-0.15102238089843004,-0.057623140202909526,0.0631856060385477,-0.10122520528563829,,,,,,,-0.0009862808187230039,0.008471055106512105,-0.0012450621123705913,-0.001125855650008714,-0.03953717745558151,-0.03843667439443113,-0.0007404647564073208,0.009653838908257861,0.0010269607191075293,0.002725999219831122,0.000746739376819411,-0.0024360722880028864,-0.02597583504745515,0.019597557305317103,-0.0221385041797208,-0.02915301931917665
bwd_psh_flags,,,,,,,,,,,,,,,,,,,,,,,,,,,,,,,,,,,,,,,,,,,,,,,,,,,,,,,,,,,,,,,,,,,,,,,,,,,,,
fwd_urg_flags,0.005407901154969211,-0.004896640892705225,-0.0001111069594454272,-0.0001160176441557174,-0.0011661030917384722,-8.33983516554668e-05,-0.0032683113091422993,-0.0034289747151595926,-0.003498637564490657,-0.0027679001319928236,-0.004987867951016138,-0.00663893468737555,-0.005640901221274778,-0.004451788059340179,-0.0006105516990659939,0.020988307988912828,-0.003191589687356745,-0.00404267169793415,-0.004183195860403559,-0.0006107875404367209,-0.004806922860295863,-0.0030514978946779257,-0.0037806619073439815,-0.004107631257586692,-0.0013037429454263454,-0.0038385819244295704,-0.0022597410261526677,-0.0026460869163899793,-0.003043067776228965,-0.001278270253476181,0.05029158944256454,,1.0,,-0.00010734273913979625,-0.00013587787370005256,0.02186364190715315,-0.0020697543457625337,-0.007484748369088096,-0.005229785765680144,-0.006280552695236668,-0.005213337080466227,-0.0032884591779268023,-0.002160546398248883,0.05029158944256454,-0.0001750323813056576,0.0005443017786716941,-0.007621704601595907,0.03445190043834148,1.0,-0.0001750323813056576,-0.01153599702629756,-0.006456574075738967,-0.0034986375644906567,-0.0056409012212747444,,,,,,,-0.00011110695944542722,-0.0011661030917384722,-0.00011601764415571742,-8.340564965634466e-05,0.02941430377726431,-0.002613483879162638,-9.628375990414119e-05,0.02363053825268988,-0.0015050398880776736,-0.001145181758691325,-0.0017233833565737276,-0.0012276332692118847,-0.003920093363713357,-0.0012174697150938263,-0.00397552886904449,-0.0037768143053709844
bwd_urg_flags,,,,,,,,,,,,,,,,,,,,,,,,,,,,,,,,,,,,,,,,,,,,,,,,,,,,,,,,,,,,,,,,,,,,,,,,,,,,,
fwd_header_len,-0.004909846146535154,0.024122750789797944,0.9995628558900966,0.9994848878892587,0.7103773787933216,0.9994589799494409,0.010473910586932903,-0.0034045950581385823,-1.1679173235301366e-05,0.0017773011543526687,0.02386199958848055,-0.006529240911294087,0.023546419954109714,0.006929576476111361,0.0002240484304426225,-0.0030094768258509723,-0.0008777417040300127,-0.00011378323449823073,0.0026458412804188955,-0.0005910753052927975,0.024006426815885402,-0.0009163349364423305,0.0005951062160105565,0.002489549760154135,-0.0012799229592774866,0.02795699173936558,-0.0005727166861819775,0.0011171395911407447,0.003721659648710198,-0.0011036241585004806,-0.0010989741441444413,,-0.00010734273913979625,,1.0,0.9993766167955227,-0.002780650167623159,-0.0020355083212256196,-0.0073945032609644525,0.022979675566269474,0.02686798959244579,0.013101191361856885,0.005285666224391156,-0.001582807120018624,-0.0010989741441444418,0.002161862897454907,0.009993897084528967,-0.0008291206151475407,-0.004042944480663667,-0.00010734273913979625,0.002161862897454907,0.0011452570138599043,0.02430544257067825,-1.1679173235301434e-05,0.023546419954111063,,,,,,,0.9995628558900966,0.7103773787933217,0.9994848878892587,0.9994556948739779,0.006178255302088686,-4.466911873623019e-05,0.8782444987110262,-0.0036119280646972683,0.008028143672499445,0.007635491413123588,0.009818200246993378,0.005811956712858591,0.002125036031203624,0.000900984746556038,0.0022054986889875916,0.001958580356141044
bwd_header_len,-0.004650549238181036,0.023113466383815052,0.9985978498134063,0.9993851221977084,0.7041997262329948,0.9987957413817994,0.010060363558579062,-0.002981399174005975,-0.00037942546152042205,0.001373316765656564,0.023539030803620686,-0.005752563114595331,0.023406519215068082,0.006507722231354485,0.000112739638136288,-0.0032452092544756838,-0.0012543490008042968,-0.0006305937765224277,0.0020884481885100918,-0.0006593183945822152,0.02299069202453599,-0.0010863036764396674,3.781954130456484e-05,0.0019412179122435566,-0.0011608908885382262,0.027412183353661638,-0.0006999619609833921,0.0010319106843190507,0.003849715810647345,-0.0010798588438336433,-0.001455374821017997,,-0.00013587787370005256,,0.9993766167955227,1.0,-0.0030721541380757753,-0.0017057115188563333,-0.006752441825156004,0.022596813759562715,0.027137653893678993,0.012812706367848127,0.005201397347954103,-0.001224919008522873,-0.001455374821017997,0.0014585724179154566,0.009317514854427666,-0.0012170448053675767,-0.003340537031876354,-0.00013587787370005256,0.0014585724179154566,0.0039045200318697354,0.024597753394199375,-0.000379425461520422,0.023406519215070216,,,,,,,0.9985978498134063,0.7041997262329948,0.9993851221977084,0.9987816828728759,0.005285306137272039,-0.00015092491177004855,0.8704221364192997,-0.004009490812311394,0.007067423361449887,0.007118961215716614,0.008931839712310775,0.004975554776319535,0.0016468099903973082,0.0005887947078091301,0.0016798954813334482,0.0015288195485752636
fwd_pkts_s,0.21811025652826407,-0.1132266444520285,-0.002467964247107065,-0.0026201972259919356,-0.023685938949696925,-0.0019001607005507842,-0.06251876256404669,-0.05341566201086011,-0.05217786176077373,-0.044880873383868695,-0.11497865515351086,-0.1448380271117743,-0.12938629890750977,-0.10288693315982939,0.22087003822026732,0.9877998160809928,-0.0738004933883416,-0.09348051178686081,-0.09672987086262881,-0.014123517211388947,-0.11115217061902329,-0.0705613780101873,-0.08742205302692249,-0.09498269104309053,-0.03014722930837442,-0.08876062462934474,-0.05225311139386583,-0.061186691738378964,-0.07036616307401314,-0.02955810950182777,0.21908757956807903,,0.02186364190715315,,-0.002780650167623159,-0.0030721541380757753,1.0,0.09291175181644264,-0.11727720733362944,-0.11615450713165461,-0.12357492609679484,-0.11307993340350396,-0.07442701033426685,0.08178996785709873,0.21908757956807903,-0.004046704430949132,-0.10656921686796268,0.23992423119076314,-0.05141628968180883,0.02186364190715315,-0.004046704430949132,-0.22557400696206897,-0.12041110792465992,-0.05217786176077373,-0.129386298907509,,,,,,,-0.002467964247107065,-0.023685938949696925,-0.0026201972259919356,-0.001900329306553035,-0.07404555696386363,-0.04583598430787324,-0.0019370034894988636,0.025148842417287712,-0.03480127711476389,-0.02648034903059654,-0.0398501958216117,-0.028386720526630795,-0.0906462473516861,-0.028152146077655704,-0.091928108555409,-0.08733313687690696
bwd_pkts_s,0.13854889140426968,-0.08106001157957757,-0.0017570376246093195,-0.001428040875578689,-0.018070437989661944,-0.0011293254566597359,-0.04923601950749575,-0.005538754189481869,-0.04056202018768613,-0.045267032843152054,-0.0801183483423086,-0.052993600209254955,-0.08635551208839598,-0.07324090078663606,0.028924677728830332,0.23871519396724603,-0.05283671595790262,-0.06692788709838364,-0.06925343585384383,-0.010110409210782713,-0.07957557667678064,-0.05051965797133659,-0.06259098625974821,-0.06800345522721973,-0.021584634015229757,-0.06354271756162766,-0.03741128041135814,-0.04380666706012782,-0.05037781628077265,-0.021162729327241503,-0.020928267133578458,,-0.0020697543457625337,,-0.0020355083212256196,-0.0017057115188563333,0.09291175181644264,1.0,-0.0545188755768452,-0.08343407470968642,-0.09164426392323252,-0.08243874372247678,-0.05359028949455682,0.008859551548248147,-0.02092826713357845,-0.0028935338446661354,0.010008636848409538,0.06806099607408445,0.13463212261109206,-0.002069754345762534,-0.0028935338446661354,0.11702431960252567,-0.09179193589638934,-0.040562020187686135,-0.08635551208839595,,,,,,,-0.0017570376246093193,-0.018070437989661944,-0.0014280408755786894,-0.0011294489411507748,-0.019068878274046304,0.04911633428914139,-0.0013066188446439304,0.023758670682684283,-0.024912971894389596,-0.018957186878455753,-0.02852821622134337,-0.020320702158936353,-0.06489918236209988,-0.02015580902880604,-0.06581694215580584,-0.06252713438471831
pkt_len_min,-0.25077330781163876,-0.23377814630631083,-0.0065306550916646566,-0.005886498747399667,-0.04960934291840494,-0.004913256719176413,-0.13915651302062332,0.42019599127647556,-0.0005140650616748073,-0.16244136230574957,-0.2577562029029746,0.722443243364445,-0.20845348669092634,-0.26494770041345755,0.012522267830437769,-0.12233313283937165,-0.0411308763743404,-0.12206376822742934,-0.17186138619815997,0.008994275747656587,-0.22949606051716345,-0.0060309516664650105,-0.20814215317860124,-0.16893675294935068,0.10602275367706443,-0.1682088239412539,0.04072498360213266,-0.1341978409565014,-0.0824470305228034,0.1005108406370356,-0.10302315658827019,,-0.007484748369088096,,-0.0073945032609644525,-0.006752441825156004,-0.11727720733362944,-0.0545188755768452,1.0,-0.2699821401740208,-0.19508951229039442,-0.26758922659927414,-0.19433523147353382,-0.11677199617866484,-0.10302315658827017,-0.010479276570790376,-0.42684979646294546,-0.3839878706772394,-0.16935609813810693,-0.007484748369088096,-0.010479276570790376,0.22526670281558497,-0.16656050408659573,-0.0005140650616748077,-0.20845348669092933,,,,,,,-0.0065306550916646566,-0.04960934291840494,-0.005886498747399667,-0.004913688771098647,-0.3075415632192612,-0.1464863618778152,-0.004600338328871107,0.026586608704656116,-0.07852672726245498,-0.0655347058214542,-0.09493368180051881,-0.061958130689496245,-0.1619510433725054,-0.06282090793759464,-0.16606346003712877,-0.1539712266765358
pkt_len_max,-0.12455835484755799,0.5148900210912174,0.021189428555144506,0.0208690385245365,0.1361684214199046,0.01994775304531984,0.38641662967979756,-0.09913735458509079,0.29181502792227965,0.3792969032450442,0.9497631230685638,-0.22931682993588265,0.9065020369847749,0.9338762675995467,-0.005034162233721437,-0.12551047405119337,0.22975154317864627,0.5010343560040157,0.5969479534163508,-0.02478527270824428,0.511089753953699,0.2293592133084153,0.6265771227532478,0.5947981602624103,-0.04800097004147247,0.26603469958304915,0.06308365914020257,0.34440273892473927,0.3015009204551268,-0.046524132828794224,-0.07592292840409798,,-0.005229785765680144,,0.022979675566269474,0.022596813759562715,-0.11615450713165461,-0.08343407470968642,-0.2699821401740208,1.0,0.9174544076148043,0.984571692795813,0.895323756985499,0.19430928014237833,-0.07592292840409798,0.010351982762206018,0.24208392314814822,-0.006173193920389382,-0.1097061720314244,-0.005229785765680144,0.010351982762206018,-0.03438750918650945,0.9125874018620691,0.2918150279222796,0.9065020369847638,,,,,,,0.021189428555144506,0.1361684214199046,0.020869038524536507,0.01994829077426334,0.11441976985514618,-0.04403897979854047,0.014960330539475618,-0.11899842710071618,0.10716432347958926,0.04737727134915945,0.10095157307443743,0.10450359556241211,0.5871770506994224,0.22151840888750604,0.5986757189375614,0.5622922955456582
pkt_len_mean,-0.148587014627049,0.4335343995594442,0.02466049611946184,0.024799828814917855,0.15967975073892207,0.02358857024886509,0.345661782487288,-0.03223199042562922,0.3122196237402559,0.3371987185785755,0.8796327384648267,-0.15880946005521582,0.9208833091413712,0.849376882960443,0.057361922076401874,-0.13396063341201658,0.18300772018487366,0.4233176837667576,0.5142380849091485,-0.02656579218891182,0.42905055303976486,0.19198684445103315,0.5362784876091101,0.5102125183388972,-0.041722774831876676,0.22487523583807476,0.0480384456058395,0.2962975230529031,0.26925833455052495,-0.0388356877483265,-0.06402908571358779,,-0.006280552695236668,,0.02686798959244579,0.027137653893678993,-0.12357492609679484,-0.09164426392323252,-0.19508951229039442,0.9174544076148043,1.0,0.9428056255788488,0.8043058245705781,0.17570635955771824,-0.06402908571358779,0.0105744976683455,0.26668846650391365,-0.08401813038943919,-0.14558401674720461,-0.006280552695236669,0.0105744976683455,0.04742774009274484,0.9978176924546902,0.3122196237402559,0.920883309141384,,,,,,,0.024660496119461837,0.15967975073892207,0.024799828814917855,0.02359056253500985,0.13275255039957848,-0.05789188803639581,0.019190032127497293,-0.12354571067085098,0.09729227835877778,0.061016644463430365,0.10188954677477399,0.08637160340730493,0.5092756760903235,0.1541608846004787,0.5143276055214624,0.4929849118715837
pkt_len_std,-0.12070458326171904,0.4601693117068969,0.011721476529291338,0.011463150336797756,0.11087827445872722,0.010899999823973376,0.3517435697419697,-0.08534799121179876,0.28576849299522666,0.3594453854995467,0.9409052455614606,-0.21703991895738148,0.9206297679831685,0.9431525385767835,0.010450287218392241,-0.12236750579955488,0.21226761551600126,0.4700681090827112,0.558244444119699,-0.02507582013944947,0.456345613581259,0.21283917163909247,0.5910099615614479,0.5555536789599032,-0.04823935935829548,0.2207566892013084,0.05367064576409813,0.3205378816170616,0.2753544029344511,-0.04649912162244566,-0.06923711397631718,,-0.005213337080466227,,0.013101191361856885,0.012812706367848127,-0.11307993340350396,-0.08243874372247678,-0.26758922659927414,0.984571692795813,0.9428056255788488,1.0,0.9241637676139745,0.18963848932742272,-0.06923711397631721,0.008138143411261711,0.25042833467370934,-0.017254266535016383,-0.11205063994143405,-0.005213337080466227,0.008138143411261711,-0.013111871220672084,0.9430618541454676,0.28576849299522666,0.9206297679831512,,,,,,,0.011721476529291338,0.11087827445872722,0.011463150336797756,0.010901085537757167,0.10885255327743248,-0.0474052592665545,0.008921384888331834,-0.12745068191231465,0.08655258975348575,0.033342532378742046,0.0779655157579306,0.08651605704965172,0.5494851311299247,0.2018732873571469,0.5595379804649945,0.5271640577836643
pkt_len_var,-0.067123035717635,0.2841380340287015,0.004730642387026746,0.004688636711155651,0.06339384168057662,0.005035715195990633,0.2546273493186517,-0.07828134787255282,0.21099390190659642,0.277181675046072,0.8553820501769147,-0.1698084534125298,0.7960047506713706,0.893565770351909,-0.0018072072771516579,-0.08043554670224012,0.15821711761616095,0.34702742640165773,0.40439594924654215,-0.01600167496470411,0.28248368629389387,0.15577698459619801,0.4352818346729689,0.4030059244102263,-0.03409032132938765,0.09128390977272761,0.03131656353698863,0.2189828183986499,0.17935582685463852,-0.033433503468307146,-0.05469183832875076,,-0.0032884591779268023,,0.005285666224391156,0.005201397347954103,-0.07442701033426685,-0.05359028949455682,-0.19433523147353382,0.895323756985499,0.8043058245705781,0.9241637676139745,1.0,0.14902349265931072,-0.05469183832875076,0.0006377019113728394,0.14737446805228435,0.017354003335335197,-0.06712154659869915,-0.0032884591779268023,0.0006377019113728394,0.00977839017456129,0.8150500086292823,0.21099390190659642,0.7960047506713464,,,,,,,0.004730642387026746,0.06339384168057662,0.004688636711155651,0.005036337276019856,0.016219766914710408,-0.047031400895968904,0.003635210593159673,-0.11967330702457726,0.04434294165666401,-0.006860126394761903,0.022386917994119224,0.05410036812212848,0.39645714308501606,0.16873996638108982,0.4067150658135527,0.37767302331060143
fin_flag_cnt,-0.03917862874253068,0.1840552794658907,-0.001436880872201355,-0.001315903648351494,-0.012020283904988603,-0.0009487862780358364,-0.008623322091229383,-0.05126822528077131,-0.020394220994439,0.003976324015431996,0.20991680076091832,-0.10676968865050958,0.17979220346447192,0.19639550951986395,-0.004337685732094763,0.08106565152732587,0.12243715412812514,0.2619425400369376,0.29543601368088684,-0.009323666813305662,0.1857650410213646,0.1555123232783563,0.3662344867675383,0.2954303254011949,-0.02251221061240343,0.21293410474853633,0.11907987223229026,0.4815012870624303,0.4151974059432118,-0.021108446983545873,-0.04296039202969116,,-0.002160546398248883,,-0.001582807120018624,-0.001224919008522873,0.08178996785709873,0.008859551548248147,-0.11677199617866484,0.19430928014237833,0.17570635955771824,0.18963848932742272,0.14902349265931072,1.0,-0.04296039202969116,-0.003024946482473963,-0.12582040293325672,-0.10115285825611581,-0.06271196569012545,-0.002160546398248883,-0.003024946482473963,-0.02036053411660433,0.1720706218729576,-0.020394220994439004,0.1797922034644623,,,,,,,-0.001436880872201355,-0.012020283904988603,-0.001315903648351494,-0.0009488245233061127,-0.09332653627268162,-0.030524638238859234,-0.0011317100316376146,-0.17950068086147494,-0.02427512898955086,-0.019791272374323154,-0.028729124700555372,-0.019232604628437972,0.30913862342866705,0.003799442201877689,0.30015806816272933,0.3124205195439318
syn_flag_cnt,0.2247696264751788,-0.010685821346767297,-0.0009862808187230039,-0.001245062112370591,0.008471055106512105,-0.0011256256921206027,0.006687074297105438,0.0980206168742649,0.0631856060385477,0.01586122173002644,-0.09182889320819929,-0.08991307902927147,-0.10122520528563837,-0.08426029346614021,0.15955333987966475,0.2106911100108421,0.05838034762959323,-0.008585651666493934,-0.007509422808760009,0.08516997798670364,-0.010316186128624824,0.022308295070575926,-0.018775258335995557,-0.0078244978452683,0.03229510650265901,0.004369990416439543,0.0434191071568246,-0.007090662249130302,0.016596301252245996,0.047618357645265584,1.0,,0.05029158944256454,,-0.0010989741441444418,-0.001455374821017997,0.21908757956807903,-0.02092826713357845,-0.10302315658827017,-0.07592292840409798,-0.06402908571358779,-0.06923711397631721,-0.05469183832875076,-0.04296039202969116,1.0,-0.003480350954219664,-0.14434970102858266,0.3248818031807715,-0.009455451494899543,0.05029158944256454,-0.003480350954219664,-0.15102238089843004,-0.057623140202909526,0.0631856060385477,-0.10122520528563829,,,,,,,-0.0009862808187230039,0.008471055106512105,-0.0012450621123705913,-0.001125855650008714,-0.03953717745558151,-0.03843667439443113,-0.0007404647564073208,0.009653838908257861,0.0010269607191075293,0.002725999219831122,0.000746739376819411,-0.0024360722880028864,-0.02597583504745515,0.019597557305317103,-0.0221385041797208,-0.02915301931917665
rst_flag_cnt,-0.006592318206426225,0.016070978115380486,0.0022272540642964238,0.0014799048771971981,0.021447237157841886,0.0010586525797997778,0.022733608880967465,-0.0048008526970403425,0.014415634701871606,0.016038490445666735,0.007630642444951288,-0.009295066352765103,0.00821678302888444,0.006788885476493823,-0.0008494422518463832,-0.004370192411897569,0.005523957900607686,0.016312664529813125,0.023933817670966806,-0.0008551258680164801,0.015135454752717397,0.0041667178516191315,0.01887090061910416,0.022859089468862642,-0.001825112199188447,-0.002045298044147329,-0.0027281024407618884,-0.0021104215958067094,-0.0011439124854412117,-0.001787499035699793,-0.003480350954219664,,-0.0001750323813056576,,0.002161862897454907,0.0014585724179154566,-0.004046704430949132,-0.0028935338446661354,-0.010479276570790376,0.010351982762206018,0.0105744976683455,0.008138143411261711,0.0006377019113728394,-0.003024946482473963,-0.003480350954219664,1.0,0.02404178028327075,-0.010671026803098973,-0.005080485519773062,-0.00017503238130565764,1.0,-0.009877812412497716,0.009693699233874847,0.014415634701871606,0.008216783028883883,,,,,,,0.0022272540642964238,0.021447237157841886,0.0014799048771971981,0.0010588520909475664,0.02289940581881559,-0.0005285398779872139,0.0026133560216111584,-0.01396262957185052,0.0037044949357498236,0.010487588691040836,0.004590981919042324,-0.001576548648623197,-0.003963242694921588,0.0015140553145485368,-0.003658929176088302,-0.004191521058569038
psh_flag_cnt,-0.17977844603858603,0.16902956562084395,0.00825398602923104,0.0076431789779442755,0.08217533147178196,0.005257673225185732,0.21206468377969417,-0.19607721129993588,0.07946617807241639,0.18858618518589754,0.2351340196286714,-0.3727674966160103,0.21322030895235683,0.22106662915993255,-0.032571187778931344,-0.10228658745812913,-0.060099180054418215,-0.07739453273827065,-0.06544285984927772,-0.03269748486106462,0.16080449199944938,-0.0724226159003072,-0.06357153528296486,-0.07006586867066943,-0.0731835599633955,0.26008645084949533,-0.017938917003848316,0.04591293586720909,0.02652011728884725,-0.06494176046588215,-0.14434970102858266,,0.0005443017786716941,,0.009993897084528967,0.009317514854427666,-0.10656921686796268,0.010008636848409538,-0.42684979646294546,0.24208392314814822,0.26668846650391365,0.25042833467370934,0.14737446805228435,-0.12582040293325672,-0.14434970102858266,0.02404178028327075,1.0,-0.44202084641764716,-0.21102109307514816,0.0005443017786716946,0.024041780283270756,-0.06460426205212211,0.25009724587375454,0.07946617807241639,0.21322030895237445,,,,,,,0.00825398602923104,0.08217533147178196,0.0076431789779442755,0.005261234516322327,0.5520208697829928,0.0921376818295298,0.007013416281310115,0.033605845731062685,0.12272697267944055,0.12193735926130451,0.16245704593112273,0.09299521041415942,-0.07943829958350482,-0.02564591048442827,-0.07947990143154457,-0.07886455469743758
ack_flag_cnt,0.5271538633952373,0.02492000024386344,-0.0002959865934041406,-0.0004580085195380946,-0.011057062033140596,0.0007383859988421757,-0.03013339793302663,-0.10598950357035355,-0.01203068069999606,0.001923088165008452,-0.024446454904746107,-0.37181832323498193,-0.043671698959968225,0.001825508254129606,0.048684418442936264,0.24391075030130313,0.08803947050360313,0.10983484509301374,0.14499102719600807,0.07106753500393356,0.027293168425589914,0.03050352538947324,0.14952340220417265,0.1458830314564314,-0.021576280793431272,-0.15128385932282537,-0.0742214817751587,-0.08951742199469985,-0.09966692376675007,-0.03789580965562535,0.3248818031807715,,-0.007621704601595907,,-0.0008291206151475407,-0.0012170448053675767,0.23992423119076314,0.06806099607408445,-0.3839878706772394,-0.006173193920389382,-0.08401813038943919,-0.017254266535016383,0.017354003335335197,-0.10115285825611581,0.3248818031807715,-0.010671026803098973,-0.44202084641764716,1.0,0.4751861602703647,-0.007621704601595907,-0.010671026803098975,-0.21251656679494516,-0.09106774820140856,-0.012030680699996061,-0.04367169895997779,,,,,,,-0.00029598659340414064,-0.011057062033140603,-0.00045800851953809455,0.0007353794405818132,-0.1389723963673336,0.10003301259510024,-0.0011804609293614226,-0.029560791830331352,-0.03009542450820428,-0.05069916692304103,-0.054997772406882334,-0.013882427841738576,0.13660701241209242,0.09345874106050583,0.14457926614943906,0.12591683785422111
urg_flag_cnt,0.5036481361984559,-0.10295093466242923,-0.0035191555545613005,-0.002869366601846342,-0.007510179125097707,-0.002419035941463269,0.02354246679706467,0.013943272192199022,0.05044591608916712,0.03777511273501476,-0.14359104095984543,-0.18252614210027163,-0.161473313340837,-0.1282367216416835,-0.015642525866153147,-0.03003468915740174,-0.008812795794068727,-0.08237941103592757,-0.07030486495169579,0.07833272073979178,-0.1047685562077537,-0.03962898509757003,-0.06935608452308964,-0.07194494361761385,-0.00429490179093647,-0.07610490362002084,-0.04982867221033871,-0.0214463992823265,-0.032633380343932664,-0.03704311971159229,-0.009455451494899543,,0.03445190043834148,,-0.004042944480663667,-0.003340537031876354,-0.05141628968180883,0.13463212261109206,-0.16935609813810693,-0.1097061720314244,-0.14558401674720461,-0.11205063994143405,-0.06712154659869915,-0.06271196569012545,-0.009455451494899543,-0.005080485519773062,-0.21102109307514816,0.4751861602703647,1.0,0.03445190043834148,-0.005080485519773063,0.2899681856347714,-0.1491586968138185,0.05044591608916711,-0.16147331334083656,,,,,,,-0.003519155554561301,-0.007510179125097704,-0.002869366601846342,-0.0024192474728419668,-0.07274417414853111,0.199151538656441,-0.002699435460445342,-0.0035286718965648286,-0.02477833775553092,-0.03324001707078037,-0.03853080526926951,-0.014020705260782642,-0.08144423100348312,0.024291670733679473,-0.07609110342386458,-0.08519220884720438
cwe_flag_count,0.005407901154969211,-0.004896640892705225,-0.0001111069594454272,-0.0001160176441557174,-0.0011661030917384722,-8.33983516554668e-05,-0.0032683113091422993,-0.0034289747151595926,-0.003498637564490657,-0.0027679001319928236,-0.004987867951016138,-0.00663893468737555,-0.005640901221274778,-0.004451788059340179,-0.0006105516990659939,0.020988307988912828,-0.003191589687356745,-0.00404267169793415,-0.004183195860403559,-0.0006107875404367209,-0.004806922860295863,-0.0030514978946779257,-0.0037806619073439815,-0.004107631257586692,-0.0013037429454263454,-0.0038385819244295704,-0.0022597410261526677,-0.0026460869163899793,-0.003043067776228965,-0.001278270253476181,0.05029158944256454,,1.0,,-0.00010734273913979625,-0.00013587787370005256,0.02186364190715315,-0.002069754345762534,-0.007484748369088096,-0.005229785765680144,-0.006280552695236669,-0.005213337080466227,-0.0032884591779268023,-0.002160546398248883,0.05029158944256454,-0.00017503238130565764,0.0005443017786716946,-0.007621704601595907,0.03445190043834148,1.0,-0.0001750323813056576,-0.01153599702629756,-0.006456574075738967,-0.0034986375644906567,-0.0056409012212747444,,,,,,,-0.00011110695944542722,-0.0011661030917384722,-0.00011601764415571742,-8.340564965634466e-05,0.02941430377726431,-0.002613483879162638,-9.628375990414119e-05,0.02363053825268988,-0.0015050398880776736,-0.001145181758691325,-0.0017233833565737276,-0.0012276332692118847,-0.003920093363713357,-0.0012174697150938263,-0.00397552886904449,-0.0037768143053709844
ece_flag_cnt,-0.006592318206426225,0.016070978115380486,0.0022272540642964238,0.0014799048771971981,0.021447237157841886,0.0010586525797997778,0.022733608880967465,-0.0048008526970403425,0.014415634701871606,0.016038490445666735,0.007630642444951288,-0.009295066352765103,0.00821678302888444,0.006788885476493823,-0.0008494422518463832,-0.004370192411897569,0.005523957900607686,0.016312664529813125,0.023933817670966806,-0.0008551258680164801,0.015135454752717397,0.0041667178516191315,0.01887090061910416,0.022859089468862642,-0.001825112199188447,-0.002045298044147329,-0.0027281024407618884,-0.0021104215958067094,-0.0011439124854412117,-0.001787499035699793,-0.003480350954219664,,-0.0001750323813056576,,0.002161862897454907,0.0014585724179154566,-0.004046704430949132,-0.0028935338446661354,-0.010479276570790376,0.010351982762206018,0.0105744976683455,0.008138143411261711,0.0006377019113728394,-0.003024946482473963,-0.003480350954219664,1.0,0.024041780283270756,-0.010671026803098975,-0.005080485519773063,-0.0001750323813056576,1.0,-0.009877812412497716,0.009693699233874847,0.014415634701871606,0.008216783028883883,,,,,,,0.0022272540642964238,0.021447237157841886,0.0014799048771971981,0.0010588520909475664,0.02289940581881559,-0.0005285398779872139,0.0026133560216111584,-0.01396262957185052,0.0037044949357498236,0.010487588691040836,0.004590981919042324,-0.001576548648623197,-0.003963242694921588,0.0015140553145485368,-0.003658929176088302,-0.004191521058569038
down_up_ratio,0.03728265889909758,-0.14876996890205063,0.0013779752192303386,0.0036780689022721832,-0.017763487876961435,0.003295550901893816,-0.04242591626316652,0.2934902014191725,0.042559883838063736,-0.05865576254554824,-0.03235584193008035,0.2199390882020043,-0.005431477395359176,-0.04861498974605525,-0.04039407431291639,-0.20276136147283505,-0.08101242686567553,-0.08354109685224495,-0.10718211136954553,-0.05141322824030993,-0.16146679651853757,-0.03962956173013679,-0.1232609057310658,-0.12214654852009994,0.022728857099502085,-0.04451980108143486,0.02116874929295097,0.02796213109793046,0.047590436192706254,0.030298404680835535,-0.15102238089843004,,-0.01153599702629756,,0.0011452570138599043,0.0039045200318697354,-0.22557400696206897,0.11702431960252567,0.22526670281558497,-0.03438750918650945,0.04742774009274484,-0.013111871220672084,0.00977839017456129,-0.02036053411660433,-0.15102238089843004,-0.009877812412497716,-0.06460426205212211,-0.21251656679494516,0.2899681856347714,-0.01153599702629756,-0.009877812412497716,1.0,0.0568407435171358,0.042559883838063715,-0.005431477395338576,,,,,,,0.0013779752192303381,-0.017763487876961435,0.0036780689022721832,0.003295814223771682,-0.15402301758471365,-0.029729337498509596,0.001379350136649233,0.03090636024543595,-0.03238929008744002,-0.030022059093766037,-0.046842216104198774,-0.02466336052845017,-0.09188883294884395,-0.052899618008375074,-0.09698926686272737,-0.08475951527443946
pkt_size_avg,-0.1499120427874641,0.4116957446566364,0.022291396529118625,0.022461300439995044,0.1499740132873878,0.02143025814555597,0.3372606184215848,-0.012773404667183354,0.3151154803960867,0.3326615485158627,0.8744105898640187,-0.13257687613260055,0.9150457740602893,0.8490070634120604,0.0879175506747786,-0.13090090814876754,0.1783920369531407,0.4131405681314663,0.500256968933626,-0.025869369835117114,0.4074967626964426,0.18787073409967434,0.5232367758994249,0.4963488423486467,-0.039693323592883974,0.20563493259154247,0.046005564093087745,0.28653255653982035,0.2588408343615645,-0.03724950746852136,-0.057623140202909526,,-0.006456574075738967,,0.02430544257067825,0.024597753394199375,-0.12041110792465992,-0.09179193589638934,-0.16656050408659573,0.9125874018620691,0.9978176924546902,0.9430618541454676,0.8150500086292823,0.1720706218729576,-0.057623140202909526,0.009693699233874847,0.25009724587375454,-0.09106774820140856,-0.1491586968138185,-0.006456574075738967,0.009693699233874847,0.0568407435171358,1.0,0.3151154803960867,0.9150457740602962,,,,,,,0.022291396529118625,0.1499740132873878,0.022461300439995044,0.0214320813167343,0.11626353651528337,-0.06338132305235758,0.01734351222146826,-0.12408544351202552,0.08760215558932646,0.051793347784212684,0.08938180325581316,0.07915334666222211,0.49587068577235677,0.14895304606367138,0.5006006699313966,0.4802785338069062
fwd_seg_size_avg,0.13985249168684952,0.14354814935354043,-0.00020191929264400072,-0.0005375158120590555,0.3401222280065985,-0.0015414233095307817,0.8860776108918224,0.26842205089273197,1.0,0.8906980628362184,0.010529828860402103,-0.02723546639317864,0.0011190869154067155,0.006339051124416241,0.1008294876241369,-0.05683270071260852,0.05287011912703683,0.12040891771868223,0.14936256478571636,-0.010574972839617676,0.13972946944096346,0.0711296897930517,0.16951602579567165,0.152502655776862,-0.008152132164663121,0.17616951798390695,0.06576029105745916,0.23583592046023052,0.2276068556433207,-0.005996970265181552,0.0631856060385477,,-0.0034986375644906567,,-1.1679173235301434e-05,-0.000379425461520422,-0.05217786176077373,-0.040562020187686135,-0.0005140650616748077,0.2918150279222796,0.3122196237402559,0.28576849299522666,0.21099390190659642,-0.020394220994439004,0.0631856060385477,0.014415634701871606,0.07946617807241639,-0.012030680699996061,0.05044591608916711,-0.0034986375644906567,0.014415634701871606,0.042559883838063715,0.3151154803960867,1.0,0.0011190869154035542,,,,,,,-0.00020191929264400056,0.3401222280065985,-0.0005375158120590555,-0.0015414802945246692,0.04557250522580473,-0.006478180796170766,0.00013984323952220742,-0.06419258808077263,0.09737972607275719,0.05754483652351809,0.095356938908158,0.08380313634955855,0.1276361357509253,0.1798658872699115,0.1482890378466138,0.10373299208087337
bwd_seg_size_avg,-0.21626932827517115,0.46373584026342785,0.021507026950634046,0.021400365597358733,0.039226522033600726,0.02073473788244997,0.08120533966022608,-0.10053482051821842,0.0011190869154035542,0.0716247927771513,0.9587812929964569,-0.1439987558455976,1.0,0.9407968822051062,-0.02504542710560306,-0.13883620783274025,0.2133395826269529,0.4823010488004283,0.5781694640364847,-0.02696622191626459,0.46036497020625045,0.21025419248809998,0.5925914869635203,0.5735056068715929,-0.04237127844854525,0.16702673990847122,0.029271220115890513,0.23669504108313774,0.207230361435007,-0.03971157482098387,-0.10122520528563829,,-0.0056409012212747444,,0.023546419954111063,0.023406519215070216,-0.129386298907509,-0.08635551208839595,-0.20845348669092933,0.9065020369847638,0.920883309141384,0.9206297679831512,0.7960047506713464,0.1797922034644623,-0.10122520528563829,0.008216783028883883,0.21322030895237445,-0.04367169895997779,-0.16147331334083656,-0.0056409012212747444,0.008216783028883883,-0.005431477395338576,0.9150457740602962,0.0011190869154035542,1.0,,,,,,,0.021507026950634046,0.039226522033600726,0.021400365597358733,0.020736647835349,0.10580319262454156,-0.061240314895205025,0.01656222088226606,-0.10001882543349488,0.08230303687103012,0.03485682774748177,0.07638401376942394,0.08144723033498519,0.5748551780779736,0.16798179172224087,0.5794726737487229,0.5575919058132109
fwd_byts_b_avg,,,,,,,,,,,,,,,,,,,,,,,,,,,,,,,,,,,,,,,,,,,,,,,,,,,,,,,,,,,,,,,,,,,,,,,,,,,,,
fwd_pkts_b_avg,,,,,,,,,,,,,,,,,,,,,,,,,,,,,,,,,,,,,,,,,,,,,,,,,,,,,,,,,,,,,,,,,,,,,,,,,,,,,
fwd_blk_rate_avg,,,,,,,,,,,,,,,,,,,,,,,,,,,,,,,,,,,,,,,,,,,,,,,,,,,,,,,,,,,,,,,,,,,,,,,,,,,,,
bwd_byts_b_avg,,,,,,,,,,,,,,,,,,,,,,,,,,,,,,,,,,,,,,,,,,,,,,,,,,,,,,,,,,,,,,,,,,,,,,,,,,,,,
bwd_pkts_b_avg,,,,,,,,,,,,,,,,,,,,,,,,,,,,,,,,,,,,,,,,,,,,,,,,,,,,,,,,,,,,,,,,,,,,,,,,,,,,,
bwd_blk_rate_avg,,,,,,,,,,,,,,,,,,,,,,,,,,,,,,,,,,,,,,,,,,,,,,,,,,,,,,,,,,,,,,,,,,,,,,,,,,,,,
subflow_fwd_pkts,-0.004299893826796448,0.022406079093474,1.0,0.9996194837921548,0.7121796501800872,0.9998424295232593,0.009302993756530169,-0.002989848283864032,-0.00020191929264400056,0.0012211745602401134,0.02201246267857246,-0.005771074400495539,0.021507026950633404,0.005892144492400304,0.00026971988323144395,-0.0026638414833060867,-0.0010884826313544895,-0.0006182526781661111,0.0018178385740298109,-0.0005425171178789744,0.022320444621765356,-0.001096447719578968,-5.777158122698717e-05,0.0016941423636831912,-0.0011441831187044033,0.026056415401194098,-0.0006783714426987212,0.0006484732012364471,0.00306256457186489,-0.0009963442630395302,-0.0009862808187230039,,-0.00011110695944542722,,0.9995628558900966,0.9985978498134063,-0.002467964247107065,-0.0017570376246093193,-0.0065306550916646566,0.021189428555144506,0.024660496119461837,0.011721476529291338,0.004730642387026746,-0.001436880872201355,-0.0009862808187230039,0.0022272540642964238,0.00825398602923104,-0.00029598659340414064,-0.003519155554561301,-0.00011110695944542722,0.0022272540642964238,0.0013779752192303381,0.022291396529118625,-0.00020191929264400056,0.021507026950634046,,,,,,,1.0,0.7121796501800872,0.9996194837921549,0.9998404862693975,0.003812624403565119,-1.1544990581934044e-05,0.8814560770113423,-0.005581166057567841,0.00760698964261214,0.007772246886407566,0.009534025141351939,0.004901753540606722,0.001280528460820786,0.0008771569397233462,0.0013887623050600668,0.0011199376938777676
subflow_fwd_byts,0.024359295663844146,0.12191094414243545,0.7121796501800872,0.7051641030696748,1.0,0.7113313747839494,0.3473640767350263,0.0010148089137752261,0.3401222280065985,0.29635375549733456,0.044414782122984664,-0.04820659376619641,0.0392265220335992,0.02028583484242635,0.005857963027760514,-0.025747353148882338,0.009274325034232209,0.02984663755257091,0.051380600106091225,-0.005246125898783297,0.12052535050360477,0.012438737721917986,0.04562490090992266,0.051871574623412096,-0.010059196662749008,0.1445886327546457,0.01590073475382145,0.07095254599094435,0.07979849283626649,-0.008135191593436257,0.008471055106512105,,-0.0011661030917384722,,0.7103773787933217,0.7041997262329948,-0.023685938949696925,-0.018070437989661944,-0.04960934291840494,0.1361684214199046,0.15967975073892207,0.11087827445872722,0.06339384168057662,-0.012020283904988603,0.008471055106512105,0.021447237157841886,0.08217533147178196,-0.011057062033140603,-0.007510179125097704,-0.0011661030917384722,0.021447237157841886,-0.017763487876961435,0.1499740132873878,0.3401222280065985,0.039226522033600726,,,,,,,0.7121796501800872,1.0,0.7051641030696748,0.7114672673197512,0.05843128964252908,0.023415074868348824,0.796810531040837,-0.026689215688253172,0.15548439705518002,0.1653945419320586,0.19060760331056534,0.0921515387485665,0.04387105713277571,0.050455572648719235,0.0500960322603706,0.03644288699880412
subflow_bwd_pkts,-0.003980763304477698,0.021007688573354187,0.9996194837921549,1.0,0.7051641030696748,0.9996072218583929,0.008892482791663015,-0.002589581173358085,-0.0005375158120590555,0.0008323981777878885,0.021745510208636815,-0.005026099791128993,0.021400365597357706,0.005522714484930853,0.00019220529062357401,-0.002763822423360033,-0.0014250601121123686,-0.001098540850512056,0.001303844860976425,-0.0005633437127143652,0.020908446094227335,-0.0012819564397573743,-0.0005944038439283735,0.0011735913119460025,-0.0010167841892289983,0.02517927245861899,-0.0008444139342439628,0.00041164314344410095,0.0030342088594951726,-0.0009535033679077579,-0.0012450621123705913,,-0.00011601764415571742,,0.9994848878892587,0.9993851221977084,-0.0026201972259919356,-0.0014280408755786894,-0.005886498747399667,0.020869038524536507,0.024799828814917855,0.011463150336797756,0.004688636711155651,-0.001315903648351494,-0.0012450621123705913,0.0014799048771971981,0.0076431789779442755,-0.00045800851953809455,-0.002869366601846342,-0.00011601764415571742,0.0014799048771971981,0.0036780689022721832,0.022461300439995044,-0.0005375158120590555,0.021400365597358733,,,,,,,0.9996194837921549,0.7051641030696748,1.0,0.9995940924235966,0.0032155937497081754,-4.80947934569303e-05,0.8727382362890708,-0.0050544897242579745,0.006228383671661273,0.00609427056364191,0.007485952091866133,0.004374662147055295,0.0008505406541327926,0.0005408886510802976,0.0009012365842158403,0.0007460746232312605
subflow_bwd_byts,-0.003236718940318144,0.018275513002256452,0.9998404862693975,0.9995940924235966,0.7114672673197512,0.999999794812286,0.006883827936757863,-0.0022534390030781192,-0.0015414802945246692,-0.0005283068547485393,0.021020157302504058,-0.004225827780731536,0.020736647835348426,0.00538432591901169,0.0003331160671039658,-0.002018244925940635,-0.0014496146768766198,-0.001253577972585373,0.0007388079869138705,-0.0004073474007790757,0.01821796189908683,-0.001357829652750376,-0.0008194513836379499,0.000627513662604642,-0.0008609098579326426,0.021726294356292405,-0.0011782082643831426,-0.0005067787926969437,0.0016847518186770601,-0.0008430356139828343,-0.001125855650008714,,-8.340564965634466e-05,,0.9994556948739779,0.9987816828728759,-0.001900329306553035,-0.0011294489411507748,-0.004913688771098647,0.01994829077426334,0.02359056253500985,0.010901085537757167,0.005036337276019856,-0.0009488245233061127,-0.001125855650008714,0.0010588520909475664,0.005261234516322327,0.0007353794405818132,-0.0024192474728419668,-8.340564965634466e-05,0.0010588520909475664,0.003295814223771682,0.0214320813167343,-0.0015414802945246692,0.020736647835349,,,,,,,0.9998404862693975,0.7114672673197512,0.9995940924235966,1.0,0.0014522919817522484,-0.00024527690234877133,0.8835868113902285,-0.0048856759057415555,0.004105920192225121,0.003941402868550302,0.004739468162173568,0.002917654349067702,0.0003316790210280116,0.0002090265214063566,0.0003452125949233434,0.0002934998606874543
init_fwd_win_byts,-0.11132727587194292,0.09889698768333637,0.003812624403565119,0.0032155937497081754,0.05843128964252908,0.0014513824445934436,0.1556595926374385,-0.1405244029899501,0.04557250522580473,0.13188579453565483,0.11274805021561222,-0.2774727222263011,0.10580319262452,0.09394224376796598,-0.016137243313195573,-0.07492673689816776,0.01846466950536065,-0.05556334084382661,-0.03405202556175962,0.07051883500115114,0.09385113718748639,-0.02749414259415926,-0.04674547262003685,-0.037239948076440564,-0.020099454157510764,0.13962174958718507,-0.018793944794105313,0.01699825254514926,0.0022238130469573797,-0.04323354067237779,-0.03953717745558151,,0.02941430377726431,,0.006178255302088686,0.005285306137272039,-0.07404555696386363,-0.019068878274046304,-0.3075415632192612,0.11441976985514618,0.13275255039957848,0.10885255327743248,0.016219766914710408,-0.09332653627268162,-0.03953717745558151,0.02289940581881559,0.5520208697829928,-0.1389723963673336,-0.07274417414853111,0.02941430377726431,0.02289940581881559,-0.15402301758471365,0.11626353651528337,0.04557250522580473,0.10580319262454156,,,,,,,0.003812624403565119,0.05843128964252908,0.0032155937497081754,0.0014522919817522484,1.0,0.09636979453277414,0.0014711361453730262,0.22745368011416353,0.08383031381770306,0.07027318239084451,0.1000591440512616,0.067808027374442,-0.055953027589087316,-0.01802251701204833,-0.05555764718366947,-0.05534851716399353
init_bwd_win_byts,0.20956381028195592,-0.020638285745946307,-1.1544990581934044e-05,-4.80947934569303e-05,0.023415074868348824,-0.0002453151432199772,0.025599804676327626,-0.06224867199764196,-0.006478180796170766,0.022963603127042775,-0.04937022483361355,-0.1297470759433646,-0.06124031489520517,-0.04528883749823936,-0.011744307624141621,-0.03746799753255885,-0.02503159047140487,-0.0384426934107744,-0.048344815559860005,-0.012257570458704622,-0.021508335559785815,-0.03085962031707214,-0.03424957935922373,-0.049046079538531295,-0.025132608683211297,-0.003934576157452493,-0.027088693376585614,-0.02765303684133907,-0.03510472919209458,-0.021117691996576014,-0.03843667439443113,,-0.002613483879162638,,-4.466911873623019e-05,-0.00015092491177004855,-0.04583598430787324,0.04911633428914139,-0.1464863618778152,-0.04403897979854047,-0.05789188803639581,-0.0474052592665545,-0.047031400895968904,-0.030524638238859234,-0.03843667439443113,-0.0005285398779872139,0.0921376818295298,0.10003301259510024,0.199151538656441,-0.002613483879162638,-0.0005285398779872139,-0.029729337498509596,-0.06338132305235758,-0.006478180796170766,-0.061240314895205025,,,,,,,-1.1544990581934044e-05,0.023415074868348824,-4.80947934569303e-05,-0.00024527690234877133,0.09636979453277414,1.0,7.783012642672123e-05,-0.0329713596518809,0.022376619003166915,0.018882527530512505,0.025673519917479237,0.016942124518580178,-0.05723424958792442,-0.016957633398984505,-0.05791712223132455,-0.055618268280750116
fwd_act_data_pkts,-0.0032856958494381435,0.017470141034776804,0.8814560770113423,0.8727382362890708,0.796810531040837,0.8834086613835276,0.0062894216568098425,-0.002105141022075896,0.00013984323952220742,0.0008572617801612592,0.015468884092054984,-0.004123611474033131,0.016562220882266724,0.004195280943732446,0.00030505830779651585,-0.0020801171305772524,-0.0010866246387163541,-0.0009195239899589972,0.0009565143077729975,-0.0004297753552062113,0.01739778568572148,-0.0010464056419637671,-0.0005779104182507528,0.0008549911508152023,-0.0008314104878623914,0.020958693339789794,-0.0005202677365390501,0.00041021825537323884,0.002436757904598906,-0.000692986758071195,-0.0007404647564073208,,-9.628375990414119e-05,,0.8782444987110262,0.8704221364192997,-0.0019370034894988636,-0.0013066188446439304,-0.004600338328871107,0.014960330539475618,0.019190032127497293,0.008921384888331834,0.003635210593159673,-0.0011317100316376146,-0.0007404647564073208,0.0026133560216111584,0.007013416281310115,-0.0011804609293614226,-0.002699435460445342,-9.628375990414119e-05,0.0026133560216111584,0.001379350136649233,0.01734351222146826,0.00013984323952220742,0.01656222088226606,,,,,,,0.8814560770113423,0.796810531040837,0.8727382362890708,0.8835868113902285,0.0014711361453730262,7.783012642672123e-05,1.0,-0.006206194018404657,0.005047018025380791,0.00564477401020551,0.006093066226528593,0.003039260570150547,0.00038657890951489184,0.0008953058948072527,0.0005135297629389242,0.00023586528609259206
fwd_seg_size_min,-0.006444745209228987,-0.07538434182996753,-0.005581166057567841,-0.0050544897242579745,-0.026689215688253172,-0.004885274988939726,-0.054686242762204226,-0.011927345394337225,-0.06419258808077263,-0.05797233536608135,-0.10610985866839137,0.048400593650741015,-0.10001882543351301,-0.11103796455622802,-0.004814841984722336,0.028252766029138877,-0.03871044953000017,-0.08321764974027218,-0.07659750414440034,0.02863396793454527,-0.07318326273756279,-0.060901485593026626,-0.07937587879506326,-0.07452607394124279,-0.020962162421212682,-0.09487495952411136,-0.07062053108292836,-0.11947056024666447,-0.12949662391591701,-0.03583650264071404,0.009653838908257861,,0.02363053825268988,,-0.0036119280646972683,-0.004009490812311394,0.025148842417287712,0.023758670682684283,0.026586608704656116,-0.11899842710071618,-0.12354571067085098,-0.12745068191231465,-0.11967330702457726,-0.17950068086147494,0.009653838908257861,-0.01396262957185052,0.033605845731062685,-0.029560791830331352,-0.0035286718965648286,0.02363053825268988,-0.01396262957185052,0.03090636024543595,-0.12408544351202552,-0.06419258808077263,-0.10001882543349488,,,,,,,-0.005581166057567841,-0.026689215688253172,-0.0050544897242579745,-0.0048856759057415555,0.22745368011416353,-0.0329713596518809,-0.006206194018404657,1.0,-0.023044245037112217,-0.03584833084471057,-0.0395164724011612,-0.004206718364625072,-0.06788541995798075,-0.060812729074295364,-0.07337391128439313,-0.06026790670940579
active_mean,-0.038893034752784425,0.20076396245393083,0.00760698964261214,0.006228383671661273,0.15548439705518002,0.004103519369146731,0.1327582164702185,-0.03573766840347355,0.09737972607275719,0.11374128430513611,0.08404123995017047,-0.07274546204473946,0.0823030368710352,0.06593943274171239,-0.007340767937236895,-0.037587888147215906,0.07088829744100429,0.09578387085122496,0.14055359403424522,0.0005104711813591273,0.19547229969524785,0.048092820696907505,0.10187878016475106,0.13738818169557765,-0.0014492557602870538,0.155471137634319,0.050053156606603276,0.09451887123149366,0.12944248167169417,0.0172098010551974,0.0010269607191075293,,-0.0015050398880776736,,0.008028143672499445,0.007067423361449887,-0.03480127711476389,-0.024912971894389596,-0.07852672726245498,0.10716432347958926,0.09729227835877778,0.08655258975348575,0.04434294165666401,-0.02427512898955086,0.0010269607191075293,0.0037044949357498236,0.12272697267944055,-0.03009542450820428,-0.02477833775553092,-0.0015050398880776736,0.0037044949357498236,-0.03238929008744002,0.08760215558932646,0.09737972607275719,0.08230303687103012,,,,,,,0.00760698964261214,0.15548439705518002,0.006228383671661273,0.004105920192225121,0.08383031381770306,0.022376619003166915,0.005047018025380791,-0.023044245037112217,1.0,0.4586006871234117,0.8244776718020224,0.8858992058233501,0.12903312745793352,0.07706663088133635,0.1428365187875003,0.11788225287481531
active_std,-0.042721274536743986,0.23665939248641063,0.007772246886407566,0.00609427056364191,0.1653945419320586,0.003939050207462527,0.09314391918607375,-0.030055940951525657,0.05754483652351809,0.07076719982005636,0.041846605094710006,-0.05722686333110297,0.034856827747483915,0.01820699891583879,-0.005587799528716034,-0.02860069465553083,0.021014657732865646,0.0291388486372193,0.053356779775727274,-0.005578819627093124,0.23281819103285398,0.013359068638446568,0.032194892463486516,0.052330115657212434,-0.011444016728706782,0.26339283433425104,0.07279558521005866,0.0957089012141964,0.10696197456196427,0.02471418134669587,0.002725999219831122,,-0.001145181758691325,,0.007635491413123588,0.007118961215716614,-0.02648034903059654,-0.018957186878455753,-0.0655347058214542,0.04737727134915945,0.061016644463430365,0.033342532378742046,-0.006860126394761903,-0.019791272374323154,0.002725999219831122,0.010487588691040836,0.12193735926130451,-0.05069916692304103,-0.03324001707078037,-0.001145181758691325,0.010487588691040836,-0.030022059093766037,0.051793347784212684,0.05754483652351809,0.03485682774748177,,,,,,,0.007772246886407566,0.1653945419320586,0.00609427056364191,0.003941402868550302,0.07027318239084451,0.018882527530512505,0.00564477401020551,-0.03584833084471057,0.4586006871234117,1.0,0.806987008754476,0.018088701144465216,0.03644520151859844,0.08314787685849037,0.05558250038130584,0.02338154046171371
active_max,-0.0541223805980481,0.30315528260124547,0.009534025141351939,0.007485952091866133,0.19060760331056534,0.004737104339882466,0.14817115519814156,-0.04330202908807239,0.095356938908158,0.12043155761565369,0.08378295168194473,-0.08488722593656982,0.07638401376942806,0.05527362699460082,-0.008408145531383216,-0.043041351726007336,0.0556158298249502,0.07047174605253173,0.10410246356602354,-0.0036341125070449417,0.2983820781954142,0.038505482291182606,0.07548899697775392,0.10216765559718266,-0.009126988307583735,0.29667235694307625,0.06272222674546526,0.10199833059936028,0.12309254414511941,0.012726510590676633,0.000746739376819411,,-0.0017233833565737276,,0.009818200246993378,0.008931839712310775,-0.0398501958216117,-0.02852821622134337,-0.09493368180051881,0.10095157307443743,0.10188954677477399,0.0779655157579306,0.022386917994119224,-0.028729124700555372,0.000746739376819411,0.004590981919042324,0.16245704593112273,-0.054997772406882334,-0.03853080526926951,-0.0017233833565737276,0.004590981919042324,-0.046842216104198774,0.08938180325581316,0.095356938908158,0.07638401376942394,,,,,,,0.009534025141351939,0.19060760331056534,0.007485952091866133,0.004739468162173568,0.1000591440512616,0.025673519917479237,0.006093066226528593,-0.0395164724011612,0.8244776718020224,0.806987008754476,1.0,0.5449414008143058,0.09219008267567172,0.07398144743472397,0.10700191141367033,0.08005435303559232
active_min,-0.026169419989247062,0.12933771537472502,0.004901753540606722,0.004374662147055295,0.0921515387485665,0.0029161051514514855,0.11274720928247796,-0.028084407113355345,0.08380313634955855,0.09995616420317005,0.08107936405936483,-0.058659177981083346,0.08144723033498957,0.06976417965388419,-0.00598689895573668,-0.030659555068109762,0.07211924213481756,0.09517646080009311,0.13180964279090135,0.0029821013726191816,0.12510814495459063,0.04999879516822861,0.10062861059526698,0.12883835696896948,0.0032171256998341138,0.0727454753133162,0.021933112463364043,0.06201954638173012,0.09403082950727408,0.004956837787489364,-0.0024360722880028864,,-0.0012276332692118847,,0.005811956712858591,0.004975554776319535,-0.028386720526630795,-0.020320702158936353,-0.061958130689496245,0.10450359556241211,0.08637160340730493,0.08651605704965172,0.05410036812212848,-0.019232604628437972,-0.0024360722880028864,-0.001576548648623197,0.09299521041415942,-0.013882427841738576,-0.014020705260782642,-0.0012276332692118847,-0.001576548648623197,-0.02466336052845017,0.07915334666222211,0.08380313634955855,0.08144723033498519,,,,,,,0.004901753540606722,0.0921515387485665,0.004374662147055295,0.002917654349067702,0.067808027374442,0.016942124518580178,0.003039260570150547,-0.004206718364625072,0.8858992058233501,0.018088701144465216,0.5449414008143058,1.0,0.12860225262092997,0.041096952063381084,0.13344532037486015,0.1229733797823918
idle_mean,-0.11299800197037356,0.7680126593120941,0.001280528460820786,0.0008505406541327926,0.04387105713277571,0.0003312284910207744,0.18307031391475248,-0.07039391889552633,0.1276361357509253,0.1852227327892279,0.578737748132631,-0.15626603285041826,0.5748551780779969,0.5496388304635,-0.01914277955119801,-0.09791141407163892,0.6015490850062261,0.9314419642542406,0.9796597210818789,0.03400765520208371,0.768454677783228,0.6621461280997899,0.9055308631622437,0.9779409909122153,0.29496194540873466,0.4443657085310551,0.4603549008758162,0.5492956811406307,0.648720905369746,0.30841031116153883,-0.02597583504745515,,-0.003920093363713357,,0.002125036031203624,0.0016468099903973082,-0.0906462473516861,-0.06489918236209988,-0.1619510433725054,0.5871770506994224,0.5092756760903235,0.5494851311299247,0.39645714308501606,0.30913862342866705,-0.02597583504745515,-0.003963242694921588,-0.07943829958350482,0.13660701241209242,-0.08144423100348312,-0.003920093363713357,-0.003963242694921588,-0.09188883294884395,0.49587068577235677,0.1276361357509253,0.5748551780779736,,,,,,,0.001280528460820786,0.04387105713277571,0.0008505406541327926,0.0003316790210280116,-0.055953027589087316,-0.05723424958792442,0.00038657890951489184,-0.06788541995798075,0.12903312745793352,0.03644520151859844,0.09219008267567172,0.12860225262092997,1.0,0.14935675302540116,0.9904075798162165,0.9903043453821303
idle_std,0.010489669334061433,0.24199461028899147,0.0008771569397233462,0.0005408886510802976,0.050455572648719235,0.0002085691234255449,0.17953223928555767,-0.029304924029093554,0.1798658872699115,0.19291502337275201,0.16712890718068393,-0.053858303145488264,0.16798179172224859,0.17498228456213152,-0.005944713872265758,-0.03040664441751954,0.14040417736291835,0.2341389921558908,0.2789526798484468,-0.004833765922660762,0.24126618286833376,0.1256708626129706,0.2768966695130682,0.2843427291713969,-0.004120622192974817,0.11942855431480077,0.083358826627666,0.1646862504824447,0.1726661531615464,0.029404596853089403,0.019597557305317103,,-0.0012174697150938263,,0.000900984746556038,0.0005887947078091301,-0.028152146077655704,-0.02015580902880604,-0.06282090793759464,0.22151840888750604,0.1541608846004787,0.2018732873571469,0.16873996638108982,0.003799442201877689,0.019597557305317103,0.0015140553145485368,-0.02564591048442827,0.09345874106050583,0.024291670733679473,-0.0012174697150938263,0.0015140553145485368,-0.052899618008375074,0.14895304606367138,0.1798658872699115,0.16798179172224087,,,,,,,0.0008771569397233462,0.050455572648719235,0.0005408886510802976,0.0002090265214063566,-0.01802251701204833,-0.016957633398984505,0.0008953058948072527,-0.060812729074295364,0.07706663088133635,0.08314787685849037,0.07398144743472397,0.041096952063381084,0.14935675302540116,1.0,0.2821944772273862,0.011337065683426031
idle_max,-0.10861047511175666,0.7795040381031026,0.0013887623050600668,0.0009012365842158403,0.0500960322603706,0.00034471481099214885,0.2016465748212252,-0.07246366289728058,0.1482890378466138,0.20555385363971454,0.5831726853991964,-0.15918808724498124,0.5794726737487464,0.5560170184265157,-0.019413510107310898,-0.09929620475579977,0.6032510158501427,0.9357449559532417,0.9891183241921138,0.032365843033627405,0.7798460190743519,0.6594702508240259,0.9162220355464681,0.9881631732073721,0.28546806244901707,0.44893558306793097,0.46058512260970325,0.5572682091699347,0.6549934447071455,0.30498981759397265,-0.0221385041797208,,-0.00397552886904449,,0.0022054986889875916,0.0016798954813334482,-0.091928108555409,-0.06581694215580584,-0.16606346003712877,0.5986757189375614,0.5143276055214624,0.5595379804649945,0.4067150658135527,0.30015806816272933,-0.0221385041797208,-0.003658929176088302,-0.07947990143154457,0.14457926614943906,-0.07609110342386458,-0.00397552886904449,-0.003658929176088302,-0.09698926686272737,0.5006006699313966,0.1482890378466138,0.5794726737487229,,,,,,,0.0013887623050600668,0.0500960322603706,0.0009012365842158403,0.0003452125949233434,-0.05555764718366947,-0.05791712223132455,0.0005135297629389242,-0.07337391128439313,0.1428365187875003,0.05558250038130584,0.10700191141367033,0.13344532037486015,0.9904075798162165,0.2821944772273862,1.0,0.9620465292488443
idle_min,-0.1150386975000335,0.738600498434176,0.0011199376938777676,0.0007460746232312605,0.03644288699880412,0.0002931111006514237,0.15888095546569692,-0.06662552129593916,0.10373299208087337,0.15966814915800906,0.5613436462033911,-0.14972242143464645,0.5575919058132337,0.531183053512757,-0.018443046670016183,-0.09433230788216415,0.588229549078052,0.9090283333950336,0.9516616092526385,0.03511829075980562,0.7391471137777309,0.651702094611287,0.8769221139191433,0.9491663615290495,0.2989904317025115,0.42775820075099547,0.45337036509687406,0.5317129488463277,0.6313429630477048,0.3079475298007441,-0.02915301931917665,,-0.0037768143053709844,,0.001958580356141044,0.0015288195485752636,-0.08733313687690696,-0.06252713438471831,-0.1539712266765358,0.5622922955456582,0.4929849118715837,0.5271640577836643,0.37767302331060143,0.3124205195439318,-0.02915301931917665,-0.004191521058569038,-0.07886455469743758,0.12591683785422111,-0.08519220884720438,-0.0037768143053709844,-0.004191521058569038,-0.08475951527443946,0.4802785338069062,0.10373299208087337,0.5575919058132109,,,,,,,0.0011199376938777676,0.03644288699880412,0.0007460746232312605,0.0002934998606874543,-0.05534851716399353,-0.055618268280750116,0.00023586528609259206,-0.06026790670940579,0.11788225287481531,0.02338154046171371,0.08005435303559232,0.1229733797823918,0.9903043453821303,0.011337065683426031,0.9620465292488443,1.0
