,dst_port,flow_duration,tot_fwd_pkts,tot_bwd_pkts,totlen_fwd_pkts,totlen_bwd_pkts,fwd_pkt_len_max,fwd_pkt_len_min,fwd_pkt_len_mean,fwd_pkt_len_std,bwd_pkt_len_max,bwd_pkt_len_min,bwd_pkt_len_mean,bwd_pkt_len_std,flow_byts_s,flow_pkts_s,flow_iat_mean,flow_iat_std,flow_iat_max,flow_iat_min,fwd_iat_tot,fwd_iat_mean,fwd_iat_std,fwd_iat_max,fwd_iat_min,bwd_iat_tot,bwd_iat_mean,bwd_iat_std,bwd_iat_max,bwd_iat_min,fwd_psh_flags,bwd_psh_flags,fwd_urg_flags,bwd_urg_flags,fwd_header_len,bwd_header_len,fwd_pkts_s,bwd_pkts_s,pkt_len_min,pkt_len_max,pkt_len_mean,pkt_len_std,pkt_len_var,fin_flag_cnt,syn_flag_cnt,rst_flag_cnt,psh_flag_cnt,ack_flag_cnt,urg_flag_cnt,cwe_flag_count,ece_flag_cnt,down_up_ratio,pkt_size_avg,fwd_seg_size_avg,bwd_seg_size_avg,fwd_byts_b_avg,fwd_pkts_b_avg,fwd_blk_rate_avg,bwd_byts_b_avg,bwd_pkts_b_avg,bwd_blk_rate_avg,subflow_fwd_pkts,subflow_fwd_byts,subflow_bwd_pkts,subflow_bwd_byts,init_fwd_win_byts,init_bwd_win_byts,fwd_act_data_pkts,fwd_seg_size_min,active_mean,active_std,active_max,active_min,idle_mean,idle_std,idle_max,idle_min
dst_port,1.0,-0.0739662774892073,-0.007344858394779628,-0.015145176856836527,-0.006190469823533235,-0.010216515281565109,0.2890318387737007,-0.18975214510530666,0.23383462988895434,0.3831124777694916,-0.16740032501108115,-0.24661954512294465,-0.1441710711703607,-0.07603177848222648,0.07124330213662962,0.08957251465644371,0.07873317270582765,-0.06933701390178332,0.022738816820708264,0.08701868912017804,-0.06933259438110749,0.07229954479592504,-0.05547818661537426,0.029077030001073218,0.08279051372753982,-0.12911680569178582,-0.07786963357165441,-0.09272731657011843,-0.10227784061996706,-0.03180211187244131,0.0894760285621509,,0.0016657434257280263,,-0.007714391186396851,-0.014931027824347147,0.14676315739817486,-0.05679634985546662,-0.19596564256832918,0.03563340109598753,-0.03950335524696169,0.06944572586947993,0.030695999013995334,0.07804474391102319,0.0894760285621509,0.07237034486166918,-0.14354213822338116,0.3916731456525586,0.2960045879086508,0.0016657434257280263,0.07237034486166918,-0.1996363300705902,-0.04792350536994815,0.23383462988895434,-0.14417107117036074,,,,,,,-0.007344858394779628,-0.006190469823533235,-0.015145176856836527,-0.010216696784596238,0.2286679996661993,0.03213573623665707,-0.007138411751448455,0.20558782565136777,-0.029074703628695776,-0.025867214270452285,-0.03476907158673997,-0.022287164058088074,0.04070476164723193,-0.03383660944777559,0.03737312441048906,0.044239702783842316
flow_duration,-0.0739662774892073,1.0,0.05030944500841398,0.06545230598657681,0.05142521687859119,0.048793223160050886,0.10866422735798047,-0.08765228489901902,-0.004369380389802804,0.04359360577992052,0.29243276979814914,-0.16384666667012268,0.2544125581046442,0.2580482052909759,-0.021474829722486898,-0.08862084883871484,0.5344761321469685,0.5609140276429542,0.7671033122330109,0.47595387794491334,0.9960060534915369,0.5789612628809978,0.5850549824845523,0.7643323032628315,0.4857413883257609,0.7939861203320192,0.42689922997416696,0.5761080668653329,0.5978597217461915,0.1356257437765637,0.020129430202090758,,-0.009305372484064628,,0.054269996275003986,0.06907353912509405,-0.07655135307420322,-0.07925640133934071,-0.08872464892245852,0.2602486777968153,0.24997186510076724,0.25079397890014843,0.3008932958481175,-0.02431032083854337,0.020129430202090758,0.05398565677212999,0.11938151904805068,-0.02320543485147771,-0.06927542645220365,-0.009305372484064628,0.05398565677212999,-0.050396771950954454,0.21605304619304652,-0.004369380389802804,0.25441255810464414,,,,,,,0.05030944500841398,0.05142521687859119,0.06545230598657681,0.048792541609849964,0.0915740439193843,-0.08640831347771566,0.0484326797612848,-0.043129093314523755,0.1616985251634809,0.1596934918071993,0.2026150918819955,0.11634698330659585,0.7351762065771315,0.21798636003030517,0.7440606149216904,0.7183736319155366
tot_fwd_pkts,-0.007344858394779628,0.05030944500841398,1.0,0.01677549410823289,0.9994699177031854,0.01675762962420658,-0.0055324183481472115,0.010558417914051408,-0.0033195594064397965,-0.006944583011755765,-0.0056760501129778035,-0.007195308794144114,-0.0035633733017437362,-0.006113710569934602,-0.0007266035428473551,-0.0035640081154870236,-0.003385132280598877,-0.002371923894367728,-0.002778160310564974,-0.003105252399875083,0.05052852776728202,-0.0035156272526265997,-0.002085929705885761,-0.0028543826381599064,-0.0031598721024887265,-9.920241780051368e-05,-0.001785948026744062,-0.0017642006532040233,-0.000617503898404056,-0.000889871204274631,-0.0022636456516590296,,-0.00037922463431237503,,0.9990130517466559,0.016284085704177033,-0.0030336629167954446,-0.0032750611698199044,0.010801734718558725,-0.0060151093273465225,-0.00012478438406488603,-0.0063441376634653605,-0.00286987128111719,-0.0009997135865447936,-0.0022636456516590296,-0.005120906383286429,-0.008864343593546504,-0.010782216084407971,-0.003338371645584522,-0.00037922463431237503,-0.005120906383286429,-0.007792850159462178,-0.0015700487160591507,-0.0033195594064397965,-0.003563373301743737,,,,,,,1.0,0.9994699177031854,0.01677549410823289,0.016755971567098415,-0.00761836759864113,-0.004460509718890088,0.9997374881148079,-0.01744275807039253,0.0011284322545629004,0.000760823862497503,0.0012216389128145442,0.0009520037437001636,-0.0025370782305799713,-1.2850095955051179e-06,-0.0025082534442320034,-0.0025534364994915892
tot_bwd_pkts,-0.015145176856836527,0.06545230598657681,0.01677549410823289,1.0,0.003570264158483329,0.998134588482921,0.034574395115545574,-0.013082629426828331,0.0056891561399868154,0.013762190632039373,0.07092529236036219,-0.01092294469420845,0.16221585032427147,0.03163488615829593,-0.0011953760537084346,-0.008493092929215273,-0.007849648667116531,0.013383596061870921,0.032008620262931414,-0.008576559370102526,0.05611698359836448,-0.0064302842383046534,0.019145841997388557,0.017275279701996427,-0.008590994155132665,0.0853752125157188,0.0061380097027026025,0.020067091415818823,0.07135991819264494,-0.0012323491289991982,0.009910959825078895,,-0.0010378612303168135,,0.048313652229746554,0.9953917553179961,-0.00757502839417045,-0.007142478113037077,-0.013230866920604326,0.06525505007936672,0.19302930269192956,0.0736900568175168,0.09181692744904585,-0.0024304496357659545,0.009910959825078895,0.007211011025418129,0.034514540315997495,-0.01886115421229553,-0.007255929170971681,-0.0010378612303168135,0.007211011025418129,0.164548140906433,0.1818747744169056,0.005689156139986815,0.16221585032427144,,,,,,,0.01677549410823289,0.003570264158483329,1.0,0.9981233572103896,-0.0017148700980754268,0.0051342539557368335,0.000850549519513018,0.005384773624949082,0.03821763130807686,0.014538775314022924,0.03880350191837892,0.03840399784130819,0.03127260074931613,0.04106364677773207,0.033785897844846605,0.028086624011695017
totlen_fwd_pkts,-0.006190469823533235,0.05142521687859119,0.9994699177031854,0.003570264158483329,1.0,0.0030953844118991516,0.0023022009435756654,0.010244621140022383,0.0064269547488973134,0.0003362262137153929,-0.0007527381722466614,-0.008938882144188587,-0.0016427918476815324,-0.0008840346163204509,-0.0007814197757311716,-0.004590741524385086,-0.00426501766441057,-0.0008715569454400009,-0.0027306368856376815,-0.004116169733518441,0.05175518277406006,-0.004267292572952619,-0.00016359376587088152,-0.002595340454820417,-0.0041811665558989485,0.0019214899822584007,-0.0009677701211158977,3.7003267989681605e-05,0.0005523333733666984,-0.000913637471747469,-0.0027648864211544917,,-0.0005024402524763506,,0.9976757255256102,0.0029332784264339937,-0.003933058071520378,-0.0041700122435846115,0.01035503980457589,0.00015198282310765823,0.003902279618210405,-0.000744277181455215,0.0013257037621183668,-0.001303010693939065,-0.0027648864211544917,-0.0017036462361435872,-0.005351736043385938,-0.012488158066045878,-0.004158097182156887,-0.0005024402524763506,-0.0017036462361435872,-0.008970679551611458,0.002402003387388107,0.0064269547488973134,-0.0016427918476815313,,,,,,,0.9994699177031854,1.0,0.003570264158483329,0.0030926825715025205,-0.006533473356787266,-0.00020537345967589876,0.9996644941965185,-0.015978530315696224,0.0010435369959446337,0.0005315435455265333,0.001291847729666936,0.0009628228370850438,-0.002777226966604249,0.0008306263323744455,-0.002649950467601426,-0.002875551348721874
totlen_bwd_pkts,-0.010216515281565109,0.048793223160050886,0.01675762962420658,0.998134588482921,0.0030953844118991516,1.0,0.017386432178719966,-0.008076316387224766,-0.007127902554508669,0.0008099472721623408,0.04895027081837769,-0.005470614025676405,0.14680135430042884,0.01256338900445236,-0.0003495574423789927,-0.004967009376420267,-0.0045360223629719665,0.004118764909129944,0.027751778475326446,-0.004409307772941087,0.03953879314704707,-0.0041600942857544605,0.0081853940266401,0.013008345596862137,-0.004489748324566877,0.06232999710263972,-0.0009069215772997059,0.007083390200267193,0.05706263874109709,-0.00135829403681896,0.010664550817847188,,-0.0005348043820165072,,0.048216373231827286,0.9963030744942694,-0.004299740829964996,-0.004429300335325535,-0.008135797140438545,0.044189666436872506,0.17658632903043875,0.05470196618913092,0.07500040741525178,-0.00139187353337617,0.010664550817847188,-0.002132666140873438,0.01875403604858967,-0.009169294362662148,-0.004558836277828716,-0.0005348043820165072,-0.002132666140873438,0.142415374985042,0.16658250976762476,-0.007127902554508669,0.14680135430042884,,,,,,,0.01675762962420658,0.003095384411899152,0.998134588482921,0.9999999376478808,-0.002403116091331598,-0.0035811979299144652,0.0008244632550254501,0.0019349575985467943,0.034243357355134084,0.011594622142154643,0.033719107168632446,0.03510917457380339,0.026629669663933438,0.03650729620816515,0.02888232284948876,0.023869652445729198
fwd_pkt_len_max,0.2890318387737007,0.10866422735798047,-0.0055324183481472115,0.034574395115545574,0.0023022009435756654,0.017386432178719966,1.0,-0.17494267673676175,0.8879843897417321,0.9633248249382916,0.6301867842084791,-0.2539643239137471,0.4289774152424605,0.6557886690608457,-0.007312062949083704,-0.15262488930837317,-0.1261566331508791,0.1409897156641847,-0.009436495853625836,-0.13856935757386177,0.10756914788666107,-0.11068433319922474,0.18515140436108843,-0.008302825407780623,-0.1397518249744022,0.20485157589094552,0.06636811915318265,0.15372759845224118,0.1383744059481864,-0.02490022267598206,-0.08573374475228628,,-0.016997466670996962,,-0.0012911197098642976,0.03940918909293727,-0.13044977132107155,-0.13887286410717867,-0.1799125236417591,0.824958567832605,0.5847516204102964,0.7852114572462128,0.6014224726885917,-0.04232754799752346,-0.08573374475228628,0.5140398147014723,0.4835962637261103,-0.21321727482863165,-0.12174809077800441,-0.016997466670996962,0.5140398147014723,-0.13404159240773864,0.5755376334196846,0.8879843897417321,0.4289774152424605,,,,,,,-0.005532418348147209,0.0023022009435756667,0.034574395115545574,0.017384681827465633,0.23830950818151858,0.5539153402387288,-0.006533982429640949,0.23915421897522196,0.013290237918909818,0.004627403631798807,0.02068336764163454,0.015227088160339243,-0.02865265297214679,0.03596407628360665,-0.025414899781265106,-0.03295032492728315
fwd_pkt_len_min,-0.18975214510530666,-0.08765228489901902,0.010558417914051408,-0.013082629426828331,0.010244621140022383,-0.008076316387224766,-0.17494267673676175,1.0,0.13683165902960856,-0.24437614518862427,-0.1821909499092452,0.6341264995591781,-0.00988758573837306,-0.24868311853890773,0.041252828546496936,-0.08237769057219647,-0.057642911755964116,-0.01887298566885619,-0.07860941627228124,-0.06411143411672841,-0.08420734755193486,-0.06301339138428258,-0.03218928555142862,-0.07465614899535403,-0.06332410930171342,-0.10554454362122363,-0.0608497477427608,-0.09085935044673607,-0.08914893177189524,-0.014642134918340061,-0.04877091376660299,,-0.010056728998291123,,0.008565845792885713,-0.01630527476421595,-0.07375667629596966,-0.06873491323007698,0.9852094659362973,-0.1943155372122768,0.06859503922329384,-0.21011068750834508,-0.19577876543666933,-0.0263403345735843,-0.04877091376660299,-0.18290801023512576,-0.3224563486643211,-0.2857734001632667,-0.07163083379071786,-0.010056728998291123,-0.18290801023512576,0.24521148593294317,0.15453717852136226,0.13683165902960856,-0.009887585738373061,,,,,,,0.010558417914051408,0.010244621140022381,-0.013082629426828331,-0.008076739021609585,-0.2324079246212806,-0.16249172459327724,0.011111040832403881,-0.5284276112490232,0.011228141344665096,-0.016156196011651698,-0.0001835679339476396,0.020583647743462823,-0.07447213088790389,0.13067959833716097,-0.05526875216869661,-0.08661273475797994
fwd_pkt_len_mean,0.23383462988895434,-0.004369380389802804,-0.0033195594064397965,0.0056891561399868154,0.0064269547488973134,-0.007127902554508669,0.8879843897417321,0.13683165902960856,1.0,0.8884629924813713,0.5090085091391586,-0.06109312463646409,0.37537867980520395,0.5432238713978013,0.01715486642861399,-0.17760035743299932,-0.1498602423608797,0.11729971656245597,-0.05129903649413209,-0.1618043946551483,-0.005289250520682716,-0.1399047032449296,0.1484726965764042,-0.05050176962278223,-0.16110518256737064,0.06706753223772206,0.031153672417656483,0.08969291146708656,0.07325798034033729,-0.010333476406850235,-0.0528927658209059,,-0.02054332422471204,,-0.0012067288737186875,0.008808476301628398,-0.15086182646021784,-0.1632536960660115,0.12212161419384661,0.7111331543629891,0.584282805745195,0.6893089787350289,0.5034337323075175,-0.05113191480430459,-0.0528927658209059,0.4436805239884419,0.3760697059182946,-0.2876847924357089,-0.1457478744041591,-0.02054332422471204,0.4436805239884419,-0.042811663265429276,0.6081791887070106,1.0,0.37537867980520395,,,,,,,-0.003319559406439796,0.006426954748897314,0.005689156139986817,-0.0071280387022196095,0.18331659883300241,0.45914495340742206,-0.0035104528255076994,0.07108696617491736,0.019846472909055935,-0.002591473736474209,0.018751851312234266,0.025305837534720748,-0.07580838481926577,0.08281699325789499,-0.06471281636269688,-0.08374658044192171
fwd_pkt_len_std,0.3831124777694916,0.04359360577992052,-0.006944583011755765,0.013762190632039373,0.0003362262137153929,0.0008099472721623408,0.9633248249382916,-0.24437614518862427,0.8884629924813713,1.0,0.5157887712466575,-0.29156946027938907,0.35352359060586136,0.5882121117988117,-0.002390402245898092,-0.13818239604865082,-0.11902216078510935,0.11209007212940984,-0.027854199170122128,-0.1281431932788366,0.04218392850315443,-0.1066557519104962,0.1476482424255716,-0.02771859414835026,-0.12855354096879418,0.1209767610719295,0.04288335373642017,0.10675660367943775,0.08540414952899197,-0.020556329431757128,-0.06676450646918837,,-0.015558891981585193,,-0.004068626627631653,0.01801613156123398,-0.11712602531586766,-0.12770399662667292,-0.2477281850634373,0.7534852888350104,0.5168869082612229,0.7471887662069543,0.5598825603288696,-0.03807042484497022,-0.06676450646918837,0.49808841116158575,0.4422861881011629,-0.13547669155758554,-0.10741693097350435,-0.015558891981585193,0.49808841116158575,-0.14634522469288785,0.5096997928335598,0.8884629924813714,0.35352359060586136,,,,,,,-0.006944583011755765,0.00033622621371539273,0.013762190632039374,0.0008095987378406825,0.29783593066698816,0.4590364455969687,-0.007458095938476571,0.2893333134899092,0.005304653101740655,-0.0010816732306497402,0.0102287732591229,0.008069554265397641,-0.0497020454423561,0.008854301846235136,-0.04868184010567218,-0.05135658121564382
bwd_pkt_len_max,-0.16740032501108115,0.29243276979814914,-0.0056760501129778035,0.07092529236036219,-0.0007527381722466614,0.04895027081837769,0.6301867842084791,-0.1821909499092452,0.5090085091391586,0.5157887712466575,1.0,-0.19300226238124893,0.7834330048535836,0.9664284047578917,-0.027623906339764907,-0.15586589633975972,-0.11990859735234906,0.2636970549157906,0.1075971278196542,-0.13908685278480962,0.28609856850102977,-0.0948925630052921,0.33846099904440236,0.10182889190354756,-0.14118785896382532,0.43886205467310385,0.14826724988467746,0.3781876143761852,0.37795084886178704,-0.02741641997728463,-0.11319343981957493,,-0.01687223077155428,,9.186777954186588e-05,0.07645216932894434,-0.13482283166690376,-0.1387271251419876,-0.1833017324931612,0.9411021105067676,0.7522616316975369,0.8918161906825701,0.8108562393534524,-0.04031819503263836,-0.11319343981957493,0.5011032578314953,0.6484576888201871,-0.41964324223722105,-0.13221153363839938,-0.01687223077155428,0.5011032578314953,0.02091281537555577,0.7275779493976925,0.5090085091391585,0.7834330048535836,,,,,,,-0.005676050112977803,-0.0007527381722466618,0.07092529236036219,0.04895095187997249,0.07807659716478338,0.5223087673184478,-0.007419248364773557,0.08500906481849473,0.014989433487989768,0.015702898460630357,0.02832122694280452,0.01294822908601077,0.1026107608483075,0.07170360888269334,0.10535207261886313,0.09610208859553288
bwd_pkt_len_min,-0.24661954512294465,-0.16384666667012268,-0.007195308794144114,-0.01092294469420845,-0.008938882144188587,-0.005470614025676405,-0.2539643239137471,0.6341264995591781,-0.06109312463646409,-0.29156946027938907,-0.19300226238124893,1.0,0.06178084654340314,-0.29760571512341705,-0.008066480621671354,-0.10832645616554856,-0.10720934537063169,-0.08323612826458787,-0.142879963222929,-0.0989353777146835,-0.15987725233145564,-0.11186095312801257,-0.08414470174668522,-0.1384280821258957,-0.0986786439786293,-0.11642952641979527,-0.030862771025008427,-0.10750808947841177,-0.08957839666015908,0.03131745448900992,-0.0597812119790077,,-0.01202484761012693,,-0.009227434877138674,-0.014956261335256543,-0.09425514648068911,-0.09549882159121716,0.645071014790489,-0.23655971292842926,-0.009805955089703665,-0.21143701694763556,-0.22758712671425813,-0.031495181912621344,-0.0597812119790077,-0.2187034124239295,-0.3855471360259066,-0.343162130328934,-0.10317816546884265,-0.01202484761012693,-0.2187034124239295,0.32915417006229625,0.08141393377038365,-0.06109312463646409,0.061780846543403156,,,,,,,-0.007195308794144116,-0.008938882144188587,-0.01092294469420845,-0.005470676123924344,-0.27786250984773087,-0.1919606942929127,-0.0066985519166935055,-0.6330544947521011,-0.029193831947654725,-0.021969314756481683,-0.032918215430241864,-0.02449898348379103,-0.11520100143865379,-0.037602380370897276,-0.11677062310491979,-0.11249579777700656
bwd_pkt_len_mean,-0.1441710711703607,0.2544125581046442,-0.0035633733017437362,0.16221585032427147,-0.0016427918476815324,0.14680135430042884,0.4289774152424605,-0.00988758573837306,0.37537867980520395,0.35352359060586136,0.7834330048535836,0.06178084654340314,1.0,0.7791355266779061,-0.021722757355489276,-0.15032421711135213,-0.12233984546351347,0.23034449486613634,0.12003591076427655,-0.13484296039900537,0.24798646250437,-0.10142937933563062,0.3206679976545573,0.11280914236835396,-0.13649182534433404,0.3799327753730963,0.08531305868941243,0.2972960165547457,0.36554706822027533,-0.016524776357711626,-0.09906684473262213,,-0.016362486825273383,,0.005186134031317396,0.1650209700928598,-0.13016005198248173,-0.13356559133582366,-0.008543752257418201,0.7486928883610421,0.9415454267988557,0.8384048276208058,0.9141475135982836,-0.03993050486843971,-0.09906684473262213,0.33220667290451983,0.43070068501271935,-0.40320119440556934,-0.1321048652851542,-0.016362486825273383,0.33220667290451983,0.1668206196543046,0.9325363852806389,0.37537867980520395,1.0,,,,,,,-0.0035633733017437367,-0.0016427918476815315,0.16221585032427147,0.14680280170874688,0.024776926877397333,0.22652969336353315,-0.007430993761652015,-0.07336399187983683,0.015241967284263452,0.019327736507975417,0.031161802419002287,0.011797239899836104,0.1064652228794585,0.08758032811154697,0.11039797709685492,0.09888810956604137
bwd_pkt_len_std,-0.07603177848222648,0.2580482052909759,-0.006113710569934602,0.03163488615829593,-0.0008840346163204509,0.01256338900445236,0.6557886690608457,-0.24868311853890773,0.5432238713978013,0.5882121117988117,0.9664284047578917,-0.29760571512341705,0.7791355266779061,1.0,-0.023745244398171637,-0.1454553593661997,-0.11206360516948721,0.2532845369025989,0.10186685902239236,-0.12996809324385342,0.251245051175393,-0.08916320232537886,0.3230313589170906,0.09481202839645587,-0.1320666942301305,0.38742558313661923,0.1293608328703236,0.35444457638744536,0.34385873992336635,-0.031087698621194187,-0.10872422774122331,,-0.015763661974496763,,-0.002154671453887199,0.0364720751361594,-0.12584484622711833,-0.12946191217139816,-0.2510881208901883,0.9470300096074614,0.7497328682411245,0.9345820566673847,0.862800656860612,-0.03649525384946248,-0.10872422774122331,0.5357546923745533,0.6707520197199175,-0.364936384863548,-0.12088784469098847,-0.015763661974496763,0.5357546923745533,-0.03389029978661824,0.7223804045114224,0.5432238713978012,0.7791355266779061,,,,,,,-0.006113710569934602,-0.0008840346163204515,0.03163488615829593,0.012563458393919355,0.16433546709664687,0.4780947954861321,-0.007046287419854754,0.16074578151149954,0.00835270317213081,0.011892377717221925,0.020732883942461627,0.006774932133902989,0.0912345755157386,0.06319773285152762,0.09354699631107034,0.08542443105124092
flow_byts_s,0.07124330213662962,-0.021474829722486898,-0.0007266035428473551,-0.0011953760537084346,-0.0007814197757311716,-0.0003495574423789927,-0.007312062949083704,0.041252828546496936,0.01715486642861399,-0.002390402245898092,-0.027623906339764907,-0.008066480621671354,-0.021722757355489276,-0.023745244398171637,1.0,0.274709233306381,-0.013425880464013685,-0.014969760601238924,-0.01926539214770571,-0.011845609359373451,-0.020980711213998637,-0.014402400945602141,-0.0148492459712382,-0.01872208029658941,-0.012070996822991911,-0.015694882976674193,-0.01045663341462913,-0.013416521731399615,-0.013543738460329595,-0.0038455178630506836,0.16668450830989606,,-0.0014366163581531974,,-0.0008599643864331339,-0.0013757706689755686,0.3335069201510965,0.0697487563203675,0.02829120806996104,-0.01857447285002189,0.000533677617256529,-0.014199551469422768,-0.015034614493310687,-0.003572806331066118,0.16668450830989606,-0.009841846134747317,-0.027812905122556308,0.04004576293685929,-0.011871043931953458,-0.0014366163581531974,-0.009841846134747317,-0.005975360711994594,0.008336995418777554,0.017154866428613993,-0.02172275735548928,,,,,,,-0.0007266035428473551,-0.0007814197757311716,-0.0011953760537084348,-0.00034954519786272874,-0.008849610428219154,-0.01486145880108729,-0.0006876641860320825,-0.005145709144844398,-0.0037233223423757075,-0.002918306692989843,-0.0042574503639624915,-0.0030349646137187245,-0.015992230969311193,-0.004979140270483569,-0.016192055345241436,-0.01563718829199921
flow_pkts_s,0.08957251465644371,-0.08862084883871484,-0.0035640081154870236,-0.008493092929215273,-0.004590741524385086,-0.004967009376420267,-0.15262488930837317,-0.08237769057219647,-0.17760035743299932,-0.13818239604865082,-0.15586589633975972,-0.10832645616554856,-0.15032421711135213,-0.1454553593661997,0.274709233306381,1.0,-0.055309327311923805,-0.06171414754749296,-0.07946061167025235,-0.04879544043722866,-0.08655921299490577,-0.05933452289558264,-0.0612282035223794,-0.07718395202840053,-0.049723129432807454,-0.06481502125789218,-0.04310437127532881,-0.055318586332446386,-0.05596436018705212,-0.01585415040143976,0.07078314026782864,,-0.005913968385154396,,-0.004282127536890673,-0.00918489816197496,0.9392653851248739,0.7673189365248982,-0.08967284058203906,-0.17139727599539564,-0.15972902551993873,-0.16665802432423044,-0.12075611028669266,0.043495331797645774,0.07078314026782864,-0.10615142243462984,0.09804556072208333,0.008462444768475042,0.03910970376667939,-0.005913968385154396,-0.10615142243462984,0.0731309378402724,-0.17293293929629724,-0.17760035743299932,-0.1503242171113521,,,,,,,-0.0035640081154870236,-0.004590741524385086,-0.008493092929215273,-0.00496704633264281,0.03596283483738655,-0.09229855989994017,-0.0032824247098330373,0.30945033193405314,-0.015423656185603356,-0.0120458843750919,-0.017618226017419414,-0.012592421072871817,-0.06595096936338435,-0.02059140873789779,-0.06677894541786608,-0.06448257618263718
flow_iat_mean,0.07873317270582765,0.5344761321469685,-0.003385132280598877,-0.007849648667116531,-0.00426501766441057,-0.0045360223629719665,-0.1261566331508791,-0.057642911755964116,-0.1498602423608797,-0.11902216078510935,-0.11990859735234906,-0.10720934537063169,-0.12233984546351347,-0.11206360516948721,-0.013425880464013685,-0.055309327311923805,1.0,0.06109918993317552,0.839406206780201,0.9923607886532768,0.5341847026737777,0.9909924980916248,0.022233978336728882,0.8405446082347031,0.989361158966449,0.000534333416702108,0.043026617939425076,0.0001771555226922811,0.011278405985554197,0.0491634368461746,-0.02201528865693413,,-0.005525016797425175,,-0.004046819885086669,-0.008231983942552541,-0.04778779493584647,-0.049474767724845735,-0.057944824333468946,-0.1346211043124197,-0.12856657927370724,-0.134946725375379,-0.09162394211306056,-0.015211749921290428,-0.02201528865693413,-0.09091759015801246,-0.1561332959294136,0.20717729763445142,-0.04471739242374851,-0.005525016797425175,-0.09091759015801246,-0.1389422770802803,-0.14228746193749559,-0.14986024236087966,-0.12233984546351345,,,,,,,-0.003385132280598877,-0.004265017664410572,-0.007849648667116531,-0.004536039362108042,0.2908229433066727,-0.08849290082850413,-0.003262469693226896,-0.04721129516689986,-0.0024217098601876396,-0.004241883752649592,-0.0038732647161081055,-0.0008391436376590563,0.7678794956781095,0.01676089439475727,0.7586851909872959,0.7716426901691789
flow_iat_std,-0.06933701390178332,0.5609140276429542,-0.002371923894367728,0.013383596061870921,-0.0008715569454400009,0.004118764909129944,0.1409897156641847,-0.01887298566885619,0.11729971656245597,0.11209007212940984,0.2636970549157906,-0.08323612826458787,0.23034449486613634,0.2532845369025989,-0.014969760601238924,-0.06171414754749296,0.06109918993317552,1.0,0.5051264801582885,-0.052248105779343516,0.5354015294998691,0.12945365411132537,0.8257583569162477,0.4663892498776952,0.015253829290153337,0.5797490880228412,0.6725169058825191,0.6341154657846206,0.721560968010448,0.46287092538983293,0.13402163503098877,,-0.006523888720313708,,-0.0008114988285349852,0.015374241293320256,-0.05331990900790059,-0.055201768276038045,-0.019735962972832918,0.26215860962357623,0.2387075479667879,0.2554419704353252,0.26396083540464416,-0.01529228709511955,0.13402163503098877,0.05792875435004658,0.13549864496622582,-0.04064798941211477,-0.029272817573254815,-0.006523888720313708,0.05792875435004658,-0.0006562681646178593,0.22284033812776,0.117299716562456,0.23034449486613634,,,,,,,-0.002371923894367728,-0.0008715569454400009,0.013383596061870923,0.004119106953475233,-0.060477810680524005,-0.046558834897778484,-0.002832062997748615,0.04882649642176704,0.06977338431077691,0.05154341651277386,0.07656101855927261,0.058181408713907305,0.4770443427034946,0.2514675024931555,0.49322481569211607,0.45886906344398737
flow_iat_max,0.022738816820708264,0.7671033122330109,-0.002778160310564974,0.032008620262931414,-0.0027306368856376815,0.027751778475326446,-0.009436495853625836,-0.07860941627228124,-0.05129903649413209,-0.027854199170122128,0.1075971278196542,-0.142879963222929,0.12003591076427655,0.10186685902239236,-0.01926539214770571,-0.07946061167025235,0.839406206780201,0.5051264801582885,1.0,0.7938218194647152,0.759452773607921,0.8634011525480111,0.5095055782759573,0.9905425407220578,0.8049099042726608,0.35542295693993187,0.30399589839819874,0.43259787125320526,0.4931845641011576,0.16886008382714862,0.02359423243652851,,-0.008172980951889721,,-0.001032266021335751,0.03263205421960053,-0.0686446117420856,-0.07106724281612646,-0.0792779275391042,0.0872029033687814,0.11487308941207885,0.09322911238069748,0.15325008024427828,-0.02138508682983945,0.02359423243652851,-0.023871552470000054,-0.022247859815881257,0.12333195870564277,-0.05483313174927844,-0.008172980951889721,-0.023871552470000054,-0.08706033660915286,0.09036951918126851,-0.051299036494132096,0.12003591076427657,,,,,,,-0.002778160310564974,-0.002730636885637681,0.03200862026293142,0.027752612752157246,0.2128831686350189,-0.09815273993793687,-0.0036590107667065757,-0.013088167983271353,0.05860613172866815,0.04680102129892608,0.06176810627436697,0.046085339901913575,0.9155795831298906,0.19074771480449335,0.9192944413408598,0.9069348381242298
flow_iat_min,0.08701868912017804,0.47595387794491334,-0.003105252399875083,-0.008576559370102526,-0.004116169733518441,-0.004409307772941087,-0.13856935757386177,-0.06411143411672841,-0.1618043946551483,-0.1281431932788366,-0.13908685278480962,-0.0989353777146835,-0.13484296039900537,-0.12996809324385342,-0.011845609359373451,-0.04879544043722866,0.9923607886532768,-0.052248105779343516,0.7938218194647152,1.0,0.47941709286123163,0.975776893254103,-0.05215999154753237,0.8006591751533761,0.9866161284272681,-0.05725828909616668,-0.0380046156456232,-0.04895253238266982,-0.04947409283405124,-0.013867348640356101,-0.03830505328196979,,-0.004842077164574693,,-0.003883750590839772,-0.009231764826579603,-0.04216104413185352,-0.043649421553992686,-0.0644143051114669,-0.1543098521045598,-0.14457563131132978,-0.1523949244440945,-0.10802252763751648,-0.013636039727979004,-0.03830505328196979,-0.09481238294582241,-0.16687762214095428,0.210109227400286,-0.04147242241317416,-0.004842077164574693,-0.09481238294582241,-0.1370470800067572,-0.15710408303043,-0.16180439465514826,-0.13484296039900537,,,,,,,-0.003105252399875083,-0.004116169733518442,-0.008576559370102528,-0.004409340725862398,0.2984214287859417,-0.084654088356938,-0.002956022207506075,-0.05067350019712454,-0.011677547211719451,-0.009980018183140352,-0.013859688663681306,-0.00915603668108121,0.7239038099738129,-0.013930869952576698,0.7122989961345811,0.7301881428924056
fwd_iat_tot,-0.06933259438110749,0.9960060534915369,0.05052852776728202,0.05611698359836448,0.05175518277406006,0.03953879314704707,0.10756914788666107,-0.08420734755193486,-0.005289250520682716,0.04218392850315443,0.28609856850102977,-0.15987725233145564,0.24798646250437,0.251245051175393,-0.020980711213998637,-0.08655921299490577,0.5341847026737777,0.5354015294998691,0.759452773607921,0.47941709286123163,1.0,0.5825178465546831,0.5866588261457966,0.768265634279974,0.48914400930224,0.7888535029096861,0.4139811212505356,0.5649527544250045,0.5848807949324085,0.126718401870324,0.020845024419315995,,-0.009083637613056616,,0.05420957234165177,0.05961114506906821,-0.07477164354222793,-0.07741410064902682,-0.08521656598937251,0.25514541650938954,0.24340276481928055,0.24479428302499784,0.2940108970267748,-0.023982625469832007,0.020845024419315995,0.05200481516876758,0.11003324941372475,-0.018297793805871744,-0.06742789507211047,-0.009083637613056616,0.05200481516876758,-0.06365483270487225,0.2100204840340299,-0.005289250520682716,0.24798646250437,,,,,,,0.05052852776728202,0.05175518277406007,0.05611698359836448,0.039537679074241064,0.09295693870450172,-0.08456982872398891,0.04878696583084474,-0.04619594020923962,0.15644336095128578,0.15984071064915253,0.19876203544419674,0.1100600881925914,0.7285302396498684,0.2106550525694009,0.7369315787812982,0.7121978483880442
fwd_iat_mean,0.07229954479592504,0.5789612628809978,-0.0035156272526265997,-0.0064302842383046534,-0.004267292572952619,-0.0041600942857544605,-0.11068433319922474,-0.06301339138428258,-0.1399047032449296,-0.1066557519104962,-0.0948925630052921,-0.11186095312801257,-0.10142937933563062,-0.08916320232537886,-0.014402400945602141,-0.05933452289558264,0.9909924980916248,0.12945365411132537,0.8634011525480111,0.975776893254103,0.5825178465546831,1.0,0.0791708023643976,0.871142949782626,0.9893279904164266,0.06248017132268642,0.12693496802273802,0.046785074047339135,0.07495552686956608,0.11878563167720232,-0.008807255818867711,,-0.005945266841662042,,-0.004023110973553449,-0.006541360775888993,-0.05126449940268535,-0.05307423172755829,-0.0637277324965959,-0.10963300826101484,-0.10759297389335494,-0.11089670568181405,-0.06808818522198067,-0.016476356443423434,-0.008807255818867711,-0.08456270587609556,-0.14523577547687225,0.20203005334560403,-0.04652758132345693,-0.005945266841662042,-0.08456270587609556,-0.13795766400601508,-0.12260582231867605,-0.1399047032449296,-0.10142937933563062,,,,,,,-0.0035156272526266005,-0.004267292572952619,-0.006430284238304652,-0.004160081520498619,0.2814820873415579,-0.08958675661176795,-0.0034254093802829747,-0.043144759670662086,-0.001448538635466171,-0.001313274837743356,-0.0009236915674150374,-0.0008684161988553855,0.7920919115447509,0.026182128223012583,0.7832346492659,0.7949461318981108
fwd_iat_std,-0.05547818661537426,0.5850549824845523,-0.002085929705885761,0.019145841997388557,-0.00016359376587088152,0.0081853940266401,0.18515140436108843,-0.03218928555142862,0.1484726965764042,0.1476482424255716,0.33846099904440236,-0.08414470174668522,0.3206679976545573,0.3230313589170906,-0.0148492459712382,-0.0612282035223794,0.022233978336728882,0.8257583569162477,0.5095055782759573,-0.05215999154753237,0.5866588261457966,0.0791708023643976,1.0,0.5156464889062906,-0.05214152710324163,0.6266004915108486,0.4904969364158554,0.7600366808956847,0.7694816937311455,0.20497650149183072,0.12343248850430853,,-0.006573315374698071,,-6.302686050217676e-05,0.021242172318078047,-0.05290020859884295,-0.05476725433613151,-0.03194193679632969,0.3375609592544921,0.32644914979263784,0.3341095207889422,0.35100043454232244,-0.015955434448122675,0.12343248850430853,0.07887732295614018,0.15851886768464643,-0.05081416038823978,-0.023480677396302812,-0.006573315374698071,0.07887732295614018,-0.009352752758815381,0.3076362117478998,0.1484726965764042,0.3206679976545572,,,,,,,-0.002085929705885761,-0.00016359376587088162,0.019145841997388557,0.008185888858544843,-0.05797203395453437,-0.03723591448935212,-0.0027157263615026294,0.05727575233550297,0.06486215105562887,0.05644718200141944,0.07450693226688991,0.04992276600717354,0.46832997495383555,0.2627954151506894,0.4851429389026854,0.4495917341853513
fwd_iat_max,0.029077030001073218,0.7643323032628315,-0.0028543826381599064,0.017275279701996427,-0.002595340454820417,0.013008345596862137,-0.008302825407780623,-0.07465614899535403,-0.05050176962278223,-0.02771859414835026,0.10182889190354756,-0.1384280821258957,0.11280914236835396,0.09481202839645587,-0.01872208029658941,-0.07718395202840053,0.8405446082347031,0.4663892498776952,0.9905425407220578,0.8006591751533761,0.768265634279974,0.871142949782626,0.5156464889062906,1.0,0.8118058540975069,0.3514311515774515,0.28727154232674,0.41917777343831736,0.4762950067101122,0.15522561106457608,0.02547195685077413,,-0.007926704877332148,,-0.0015343953308355118,0.017730377263193316,-0.06667884373282273,-0.06903239745899203,-0.07526651119171247,0.08293533955153744,0.10776696253626421,0.08720928048350975,0.14569634628692416,-0.021173397633453685,0.02547195685077413,-0.025927020973069065,-0.03386682029378979,0.1299784068998571,-0.05275443558174761,-0.007926704877332148,-0.025927020973069065,-0.10337369838910283,0.08380138920931915,-0.05050176962278223,0.11280914236835395,,,,,,,-0.0028543826381599064,-0.002595340454820418,0.01727527970199643,0.01300850495152554,0.2152861086209534,-0.09285565834944581,-0.003524163811886844,-0.015884649383608045,0.053753607091278556,0.047220729721301105,0.058385502846589075,0.0401724301957623,0.9073406123410471,0.18560729036913073,0.91076697970546,0.8989553187586551
fwd_iat_min,0.08279051372753982,0.4857413883257609,-0.0031598721024887265,-0.008590994155132665,-0.0041811665558989485,-0.004489748324566877,-0.1397518249744022,-0.06332410930171342,-0.16110518256737064,-0.12855354096879418,-0.14118785896382532,-0.0986786439786293,-0.13649182534433404,-0.1320666942301305,-0.012070996822991911,-0.049723129432807454,0.989361158966449,0.015253829290153337,0.8049099042726608,0.9866161284272681,0.48914400930224,0.9893279904164266,-0.05214152710324163,0.8118058540975069,1.0,-0.03997382251662673,0.04405892626672178,-0.04831828417804115,-0.01730999403003818,0.08272816003438285,-0.029137160545954537,,-0.0049125067927835,,-0.003945957136302928,-0.009260565061207522,-0.04296240409372265,-0.04447911768212621,-0.06411708244071737,-0.15606313339288883,-0.1455625999084369,-0.15376106985931587,-0.10949932851229861,-0.013975916768516948,-0.029137160545954537,-0.09633874043432795,-0.16927607391449856,0.21007400042037272,-0.042261422678825815,-0.0049125067927835,-0.09633874043432795,-0.13270378959729617,-0.15802435078923244,-0.16110518256737064,-0.13649182534433404,,,,,,,-0.003159872102488726,-0.004181166555898949,-0.008590994155132665,-0.004489781752542335,0.291408824095695,-0.08585493249766678,-0.003006097370431327,-0.05049273656034466,-0.011412961281564845,-0.009923391762989247,-0.013626538120473576,-0.008873569216512176,0.7374910608777313,-0.012387650937575023,0.725781455287079,0.7436792804917112
bwd_iat_tot,-0.12911680569178582,0.7939861203320192,-9.920241780051368e-05,0.0853752125157188,0.0019214899822584007,0.06232999710263972,0.20485157589094552,-0.10554454362122363,0.06706753223772206,0.1209767610719295,0.43886205467310385,-0.11642952641979527,0.3799327753730963,0.38742558313661923,-0.015694882976674193,-0.06481502125789218,0.000534333416702108,0.5797490880228412,0.35542295693993187,-0.05725828909616668,0.7888535029096861,0.06248017132268642,0.6266004915108486,0.3514311515774515,-0.03997382251662673,1.0,0.5395516564816669,0.7336528354282934,0.7595785123572542,0.17080528588173355,0.03473695216918177,,-0.00695825059639429,,0.005560195903021145,0.09002014931523343,-0.05599824505981316,-0.057973895367545485,-0.10756550302668919,0.40305273610796477,0.36589453081461865,0.3883575127971285,0.4130989373798438,-0.017958225446843865,0.03473695216918177,0.13987254305056923,0.2635791261221131,-0.1355358900694879,-0.05078398741759333,-0.00695825059639429,0.13987254305056923,0.05005281209548059,0.3336535227118174,0.06706753223772206,0.3799327753730963,,,,,,,-9.920241780051355e-05,0.0019214899822584009,0.0853752125157188,0.06232912879587205,-0.03672698032522114,-0.03494269064140146,-0.002214895734988198,0.03296547976275508,0.06840148664676617,0.07505291173363797,0.1085537159073441,0.049989966324658595,0.3852347015844566,0.18322345377334942,0.3943809255262239,0.36798886772860573
bwd_iat_mean,-0.07786963357165441,0.42689922997416696,-0.001785948026744062,0.0061380097027026025,-0.0009677701211158977,-0.0009069215772997059,0.06636811915318265,-0.0608497477427608,0.031153672417656483,0.04288335373642017,0.14826724988467746,-0.030862771025008427,0.08531305868941243,0.1293608328703236,-0.01045663341462913,-0.04310437127532881,0.043026617939425076,0.6725169058825191,0.30399589839819874,-0.0380046156456232,0.4139811212505356,0.12693496802273802,0.4904969364158554,0.28727154232674,0.04405892626672178,0.5395516564816669,1.0,0.4667875853383933,0.6409099119792685,0.8671920006091239,0.14895383117311484,,-0.004627994245516565,,-0.0007219761617682564,0.00820744194095773,-0.037244773559213955,-0.03855923973724066,-0.06347979590414485,0.1351139490242283,0.08056176295437949,0.11635090401006475,0.09802323053414963,-0.011256474839838519,0.14895383117311484,0.04210029163185705,0.10287841115794223,-0.034962112616192295,-0.02186696073334822,-0.004627994245516565,0.04210029163185705,-0.0008980150984745336,0.06847758196445164,0.031153672417656486,0.08531305868941241,,,,,,,-0.0017859480267440615,-0.0009677701211158978,0.0061380097027026025,-0.0009068187168551576,-0.037692857534209256,-0.014938774173516986,-0.0019453882123801889,0.030248043467505464,0.03666543000589838,0.03010460717728989,0.04613684302003364,0.030381723999531624,0.3183159892066929,0.17956007846335445,0.332185360427086,0.30321299860013035
bwd_iat_std,-0.09272731657011843,0.5761080668653329,-0.0017642006532040233,0.020067091415818823,3.7003267989681605e-05,0.007083390200267193,0.15372759845224118,-0.09085935044673607,0.08969291146708656,0.10675660367943775,0.3781876143761852,-0.10750808947841177,0.2972960165547457,0.35444457638744536,-0.013416521731399615,-0.055318586332446386,0.0001771555226922811,0.6341154657846206,0.43259787125320526,-0.04895253238266982,0.5649527544250045,0.046785074047339135,0.7600366808956847,0.41917777343831736,-0.04831828417804115,0.7336528354282934,0.4667875853383933,1.0,0.8906642837160523,0.03936424757194804,0.018528149503658504,,-0.005939057049943136,,0.0004564979683882409,0.022282190696103293,-0.04779600066342583,-0.049482651431621186,-0.09194302179951624,0.35330261773260974,0.27870284711550103,0.3333942354370892,0.3336226774282164,-0.014146381280130259,0.018528149503658504,0.12636440485938505,0.23363681581285656,-0.12154968337985633,-0.014249264877270665,-0.005939057049943136,0.12636440485938505,0.04271916543937573,0.25682673345427537,0.08969291146708656,0.2972960165547458,,,,,,,-0.001764200653204023,3.700326798968145e-05,0.020067091415818823,0.007083825845413561,-0.03307501520452328,-0.024701194500867538,-0.0023630376228030744,0.050496638932288576,0.05250048782422157,0.04830704011078693,0.06342545362604972,0.03979098620154812,0.4533797366866958,0.23990626149617178,0.4681388796615297,0.4365109924601796
bwd_iat_max,-0.10227784061996706,0.5978597217461915,-0.000617503898404056,0.07135991819264494,0.0005523333733666984,0.05706263874109709,0.1383744059481864,-0.08914893177189524,0.07325798034033729,0.08540414952899197,0.37795084886178704,-0.08957839666015908,0.36554706822027533,0.34385873992336635,-0.013543738460329595,-0.05596436018705212,0.011278405985554197,0.721560968010448,0.4931845641011576,-0.04947409283405124,0.5848807949324085,0.07495552686956608,0.7694816937311455,0.4762950067101122,-0.01730999403003818,0.7595785123572542,0.6409099119792685,0.8906642837160523,1.0,0.3449290053616358,0.06076768937393057,,-0.006008411657915949,,0.0036209834949438627,0.07329118489362424,-0.04835401171976082,-0.05005972536179393,-0.09092097293641291,0.34712437900363646,0.35124257798267444,0.34556116977544243,0.37741447047034843,-0.015058066981609441,0.06076768937393057,0.12017886285078647,0.21909501540004736,-0.11194416217711543,-0.02878458081180445,-0.006008411657915949,0.12017886285078647,0.07285855509764376,0.32531591655259046,0.07325798034033724,0.3655470682202753,,,,,,,-0.000617503898404056,0.000552333373366698,0.07135991819264494,0.057064130264758026,-0.03959826375245798,-0.028538040293932122,-0.0023082804883692563,0.03901733082889831,0.06593799846270516,0.053304973044545366,0.07346446421484001,0.05255533547838052,0.5171808359715236,0.2943050968522167,0.5345596203632198,0.49745553684477845
bwd_iat_min,-0.03180211187244131,0.1356257437765637,-0.000889871204274631,-0.0012323491289991982,-0.000913637471747469,-0.00135829403681896,-0.02490022267598206,-0.014642134918340061,-0.010333476406850235,-0.020556329431757128,-0.02741641997728463,0.03131745448900992,-0.016524776357711626,-0.031087698621194187,-0.0038455178630506836,-0.01585415040143976,0.0491634368461746,0.46287092538983293,0.16886008382714862,-0.013867348640356101,0.126718401870324,0.11878563167720232,0.20497650149183072,0.15522561106457608,0.08272816003438285,0.17080528588173355,0.8671920006091239,0.03936424757194804,0.3449290053616358,1.0,0.1567198328131291,,-0.001702353559928438,,-0.0008747453655665325,-0.0013162223727098284,-0.01369993689181642,-0.014183508180250612,-0.01692959786458693,-0.030574101139038076,-0.014908012865227204,-0.027695825783410007,-0.027731256099462986,-0.004445297779590964,0.1567198328131291,-0.022443899225946796,-0.021333845733345833,0.030676458777639082,-0.014071667117423818,-0.001702353559928438,-0.022443899225946796,-0.003645616562781199,-0.01711952467423413,-0.010333476406850233,-0.016524776357711626,,,,,,,-0.0008898712042746313,-0.0009136374717474689,-0.001232349128999198,-0.0013583013944666968,-0.024826764224040836,-0.006258874283884079,-0.0008635921957324408,0.0027643043169484865,0.01541607790088253,0.007071783059505519,0.01346840884268589,0.01456080543830269,0.1767915090320166,0.08371478088257939,0.1839856031778028,0.17025023210600293
fwd_psh_flags,0.0894760285621509,0.020129430202090758,-0.0022636456516590296,0.009910959825078895,-0.0027648864211544917,0.010664550817847188,-0.08573374475228628,-0.04877091376660299,-0.0528927658209059,-0.06676450646918837,-0.11319343981957493,-0.0597812119790077,-0.09906684473262213,-0.10872422774122331,0.16668450830989606,0.07078314026782864,-0.02201528865693413,0.13402163503098877,0.02359423243652851,-0.03830505328196979,0.020845024419315995,-0.008807255818867711,0.12343248850430853,0.02547195685077413,-0.029137160545954537,0.03473695216918177,0.14895383117311484,0.018528149503658504,0.06076768937393057,0.1567198328131291,1.0,,0.12866205249779616,,-0.001727019761441739,0.00951034133110085,0.09629366858664395,-0.010609311990289748,-0.06362076219749542,-0.11084284989485096,-0.06018213138164128,-0.0971243883396224,-0.08423674578148403,-0.012934917242598864,1.0,-0.08982042231811506,-0.15374069593200437,0.25437283178543607,-0.0037698381117379667,0.12866205249779616,-0.08982042231811506,-0.09579593790599605,-0.059685396884563646,-0.05289276582090591,-0.09906684473262212,,,,,,,-0.0022636456516590296,-0.002764886421154492,0.009910959825078895,0.010665186619845385,-0.09534271195401982,-0.07085296082033246,-0.002627750400265873,0.03099690670685899,0.0036758297884798325,-0.0006314031802181165,0.002784873616567673,0.004227573479872956,0.03449447523100737,0.03694064862803744,0.03710265629044397,0.03090479139915675
bwd_psh_flags,,,,,,,,,,,,,,,,,,,,,,,,,,,,,,,,,,,,,,,,,,,,,,,,,,,,,,,,,,,,,,,,,,,,,,,,,,,,,
fwd_urg_flags,0.0016657434257280263,-0.009305372484064628,-0.00037922463431237503,-0.0010378612303168135,-0.0005024402524763506,-0.0005348043820165072,-0.016997466670996962,-0.010056728998291123,-0.02054332422471204,-0.015558891981585193,-0.01687223077155428,-0.01202484761012693,-0.016362486825273383,-0.015763661974496763,-0.0014366163581531974,-0.005913968385154396,-0.005525016797425175,-0.006523888720313708,-0.008172980951889721,-0.004842077164574693,-0.009083637613056616,-0.005945266841662042,-0.006573315374698071,-0.007926704877332148,-0.0049125067927835,-0.00695825059639429,-0.004627994245516565,-0.005939057049943136,-0.006008411657915949,-0.001702353559928438,0.12866205249779616,,1.0,,-0.0003899756198266319,-0.001117207216111587,-0.00511055936122964,-0.005290578719308903,-0.010133592321408777,-0.0188383873952741,-0.01810576785154739,-0.018497351777152015,-0.013102763041827628,-0.0016642330013218725,0.12866205249779614,-0.011556479891667512,0.014136112148763183,-0.01889371696447458,0.11654449907580615,1.0,-0.011556479891667512,-0.016374509925504183,-0.019823451223365113,-0.020543324224712035,-0.016362486825273383,,,,,,,-0.00037922463431237503,-0.0005024402524763506,-0.0010378612303168135,-0.0005348083792984636,0.01510720234585351,-0.010271030490961262,-0.00035881185536584115,0.06361740328415766,-0.0016561327801760059,-0.0012934295536555472,-0.001891763623245561,-0.0013521382924684114,-0.00708006566955273,-0.002210984483037345,-0.0071689169420794795,-0.006922488098230795
bwd_urg_flags,,,,,,,,,,,,,,,,,,,,,,,,,,,,,,,,,,,,,,,,,,,,,,,,,,,,,,,,,,,,,,,,,,,,,,,,,,,,,
fwd_header_len,-0.007714391186396851,0.054269996275003986,0.9990130517466559,0.048313652229746554,0.9976757255256102,0.048216373231827286,-0.0012911197098642976,0.008565845792885713,-0.0012067288737186875,-0.004068626627631653,9.186777954186588e-05,-0.009227434877138674,0.005186134031317396,-0.002154671453887199,-0.0008599643864331339,-0.004282127536890673,-0.004046819885086669,-0.0008114988285349852,-0.001032266021335751,-0.003883750590839772,0.05420957234165177,-0.004023110973553449,-6.302686050217676e-05,-0.0015343953308355118,-0.003945957136302928,0.005560195903021145,-0.0007219761617682564,0.0004564979683882409,0.0036209834949438627,-0.0008747453655665325,-0.001727019761441739,,-0.0003899756198266319,,1.0,0.048219329137791374,-0.003653070841403349,-0.00391905850452255,0.008783293898293675,-0.00026451698879633204,0.009380776234155227,-0.00013023853339198672,0.004218572954743556,-0.0012176016107932407,-0.0017270197614417393,-0.0034184507292310587,-0.005160621711569475,-0.011809328672679474,-0.004073161359328329,-0.0003899756198266319,-0.0034184507292310587,-0.005951579421122371,0.007295420046065346,-0.0012067288737186881,0.005186134031317397,,,,,,,0.9990130517466559,0.9976757255256102,0.04831365222974654,0.04821613924739292,-0.006944794742531579,-0.0028821193673692117,0.9977730738011104,-0.015023973718885012,0.0018621802578486283,0.0003123794736470585,0.001893529238673866,0.0020989811929563256,-0.0008721557420008272,0.0014603059907733291,-0.0007483319750209538,-0.0010139018238240032
bwd_header_len,-0.014931027824347147,0.06907353912509405,0.016284085704177033,0.9953917553179961,0.0029332784264339937,0.9963030744942694,0.03940918909293727,-0.01630527476421595,0.008808476301628398,0.01801613156123398,0.07645216932894434,-0.014956261335256543,0.1650209700928598,0.0364720751361594,-0.0013757706689755686,-0.00918489816197496,-0.008231983942552541,0.015374241293320256,0.03263205421960053,-0.009231764826579603,0.05961114506906821,-0.006541360775888993,0.021242172318078047,0.017730377263193316,-0.009260565061207522,0.09002014931523343,0.00820744194095773,0.022282190696103293,0.07329118489362424,-0.0013162223727098284,0.00951034133110085,,-0.001117207216111587,,0.048219329137791374,1.0,-0.008182106328771763,-0.007743451123273297,-0.016499123417761753,0.0711393422612274,0.19668571808110147,0.07855260668830649,0.09585186098714647,-0.0025946045797290798,0.009510341331100848,0.008745529476155048,0.039315746257325646,-0.019279137527523575,-0.007495746092158474,-0.0011172072161115872,0.008745529476155048,0.16499543925355592,0.18507753782348274,0.008808476301628398,0.16502097009285976,,,,,,,0.016284085704177033,0.0029332784264339937,0.9953917553179961,0.9963252420312978,-0.0006737185602461959,0.0056449327509755075,0.00018520713494033186,0.010318151840123932,0.037853934626399896,0.01325658015360734,0.0380199008280479,0.038827715066919156,0.03184828976269399,0.04143619519722986,0.03438121837224177,0.02861407624566769
fwd_pkts_s,0.14676315739817486,-0.07655135307420322,-0.0030336629167954446,-0.00757502839417045,-0.003933058071520378,-0.004299740829964996,-0.13044977132107155,-0.07375667629596966,-0.15086182646021784,-0.11712602531586766,-0.13482283166690376,-0.09425514648068911,-0.13016005198248173,-0.12584484622711833,0.3335069201510965,0.9392653851248739,-0.04778779493584647,-0.05331990900790059,-0.0686446117420856,-0.04216104413185352,-0.07477164354222793,-0.05126449940268535,-0.05290020859884295,-0.06667884373282273,-0.04296240409372265,-0.05599824505981316,-0.037244773559213955,-0.04779600066342583,-0.04835401171976082,-0.01369993689181642,0.09629366858664395,,-0.00511055936122964,,-0.003653070841403349,-0.008182106328771763,1.0,0.5007475306935597,-0.07763652138432635,-0.14723241977476137,-0.13596498644978433,-0.14268099741225201,-0.10415516241449588,0.06024313952576889,0.09629366858664394,-0.09168121758241604,0.03028635940710077,0.05989126100972913,0.016982565320071114,-0.00511055936122964,-0.09168121758241604,0.018457146216854854,-0.14667163176950357,-0.15086182646021784,-0.13016005198248173,,,,,,,-0.003033662916795444,-0.003933058071520379,-0.007575028394170451,-0.004299772968085543,0.00569858027011367,-0.0801521748036152,-0.0028083219468684503,0.21359272983564853,-0.013328080643106225,-0.010409195893238793,-0.01522439481261322,-0.010881600422755034,-0.05697904730295439,-0.017793519336083207,-0.05769410059790737,-0.05571089815795701
bwd_pkts_s,-0.05679634985546662,-0.07925640133934071,-0.0032750611698199044,-0.007142478113037077,-0.0041700122435846115,-0.004429300335325535,-0.13887286410717867,-0.06873491323007698,-0.1632536960660115,-0.12770399662667292,-0.1387271251419876,-0.09549882159121716,-0.13356559133582366,-0.12946191217139816,0.0697487563203675,0.7673189365248982,-0.049474767724845735,-0.055201768276038045,-0.07106724281612646,-0.043649421553992686,-0.07741410064902682,-0.05307423172755829,-0.05476725433613151,-0.06903239745899203,-0.04447911768212621,-0.057973895367545485,-0.03855923973724066,-0.049482651431621186,-0.05005972536179393,-0.014183508180250612,-0.010609311990289748,,-0.005290578719308903,,-0.00391905850452255,-0.007743451123273297,0.5007475306935597,1.0,-0.07979925831341231,-0.15442147974991596,-0.14642377940201923,-0.15113162069642264,-0.10818036623540646,-0.011984612935207339,-0.010609311990289751,-0.09489353274950786,0.19270486435705614,-0.0941410900464333,0.06750470166853882,-0.005290578719308902,-0.09489353274950786,0.15165248843842652,-0.1594927537867906,-0.16325369606601153,-0.13356559133582366,,,,,,,-0.003275061169819905,-0.0041700122435846115,-0.007142478113037076,-0.004429333014505734,0.08125223641048901,-0.08169611633096119,-0.00298839255257165,0.38102474881026904,-0.01379813280528201,-0.010776561386696644,-0.01576142419547609,-0.011265248428268725,-0.05898998421867449,-0.01842114851496285,-0.05973025070950342,-0.057677104340207036
pkt_len_min,-0.19596564256832918,-0.08872464892245852,0.010801734718558725,-0.013230866920604326,0.01035503980457589,-0.008135797140438545,-0.1799125236417591,0.9852094659362973,0.12212161419384661,-0.2477281850634373,-0.1833017324931612,0.645071014790489,-0.008543752257418201,-0.2510881208901883,0.02829120806996104,-0.08967284058203906,-0.057944824333468946,-0.019735962972832918,-0.0792779275391042,-0.0644143051114669,-0.08521656598937251,-0.0637277324965959,-0.03194193679632969,-0.07526651119171247,-0.06411708244071737,-0.10756550302668919,-0.06347979590414485,-0.09194302179951624,-0.09092097293641291,-0.01692959786458693,-0.06362076219749542,,-0.010133592321408777,,0.008783293898293675,-0.016499123417761753,-0.07763652138432635,-0.07979925831341231,1.0,-0.19771968303980722,0.0637705833183313,-0.2144432869778022,-0.1997987097256212,-0.0265416530786074,-0.06362076219749542,-0.18430597149010947,-0.32492087430908784,-0.295329309156047,-0.07484921721738545,-0.010133592321408775,-0.18430597149010947,0.24315736493816317,0.15025935385255465,0.12212161419384657,-0.008543752257418198,,,,,,,0.010801734718558725,0.01035503980457589,-0.013230866920604323,-0.008136226663469654,-0.23475431354739454,-0.16380485288105145,0.01135862249008117,-0.537889512092439,0.010117781470374091,-0.01721006628351117,-0.0015545488250547118,0.019797954840448724,-0.0753226365283008,0.13327080265588262,-0.05576222375113036,-0.08770103949226689
pkt_len_max,0.03563340109598753,0.2602486777968153,-0.0060151093273465225,0.06525505007936672,0.00015198282310765823,0.044189666436872506,0.824958567832605,-0.1943155372122768,0.7111331543629891,0.7534852888350104,0.9411021105067676,-0.23655971292842926,0.7486928883610421,0.9470300096074614,-0.01857447285002189,-0.17139727599539564,-0.1346211043124197,0.26215860962357623,0.0872029033687814,-0.1543098521045598,0.25514541650938954,-0.10963300826101484,0.3375609592544921,0.08293533955153744,-0.15606313339288883,0.40305273610796477,0.1351139490242283,0.35330261773260974,0.34712437900363646,-0.030574101139038076,-0.11084284989485096,,-0.0188383873952741,,-0.00026451698879633204,0.0711393422612274,-0.14723241977476137,-0.15442147974991596,-0.19771968303980722,1.0,0.7856895409026974,0.9668962236015456,0.8466282092062347,-0.04566659524276915,-0.11084284989485096,0.5617264347665317,0.638429044698391,-0.36701129837062435,-0.1415354787568019,-0.018838387395274103,0.5617264347665317,-0.03718899107384177,0.7667051359387103,0.7111331543629891,0.7486928883610421,,,,,,,-0.006015109327346524,0.00015198282310765812,0.06525505007936673,0.04419030325370102,0.1716613400866327,0.5288022758467072,-0.007695967743500693,0.16193888819803934,0.01418501009191416,0.012844103319745273,0.026135325692985923,0.013111939854237208,0.07763336707203919,0.07266837867377968,0.0813617999434712,0.07088592685890303
pkt_len_mean,-0.03950335524696169,0.24997186510076724,-0.00012478438406488603,0.19302930269192956,0.003902279618210405,0.17658632903043875,0.5847516204102964,0.06859503922329384,0.584282805745195,0.5168869082612229,0.7522616316975369,-0.009805955089703665,0.9415454267988557,0.7497328682411245,0.000533677617256529,-0.15972902551993873,-0.12856657927370724,0.2387075479667879,0.11487308941207885,-0.14457563131132978,0.24340276481928055,-0.10759297389335494,0.32644914979263784,0.10776696253626421,-0.1455625999084369,0.36589453081461865,0.08056176295437949,0.27870284711550103,0.35124257798267444,-0.014908012865227204,-0.06018213138164128,,-0.01810576785154739,,0.009380776234155227,0.19668571808110147,-0.13596498644978433,-0.14642377940201923,0.0637705833183313,0.7856895409026974,1.0,0.8649348723078443,0.9058596311899105,-0.044738005796194996,-0.06018213138164129,0.361953826095833,0.4349100702962744,-0.36982131556120373,-0.13872910184130685,-0.01810576785154739,0.361953826095833,0.15654276661180155,0.9933137133002993,0.584282805745195,0.9415454267988557,,,,,,,-0.00012478438406488576,0.003902279618210404,0.1930293026919295,0.17658898893160935,0.06550146808891989,0.2816741392551309,-0.004239240506412711,-0.02194663254570424,0.031028587415458678,0.022556379953148808,0.04499689811010271,0.028761944905532102,0.09321731152692797,0.13782969640445347,0.10376874580954912,0.08118398716826294
pkt_len_std,0.06944572586947993,0.25079397890014843,-0.0063441376634653605,0.0736900568175168,-0.000744277181455215,0.05470196618913092,0.7852114572462128,-0.21011068750834508,0.6893089787350289,0.7471887662069543,0.8918161906825701,-0.21143701694763556,0.8384048276208058,0.9345820566673847,-0.014199551469422768,-0.16665802432423044,-0.134946725375379,0.2554419704353252,0.09322911238069748,-0.1523949244440945,0.24479428302499784,-0.11089670568181405,0.3341095207889422,0.08720928048350975,-0.15376106985931587,0.3883575127971285,0.11635090401006475,0.3333942354370892,0.34556116977544243,-0.027695825783410007,-0.0971243883396224,,-0.018497351777152015,,-0.00013023853339198672,0.07855260668830649,-0.14268099741225201,-0.15113162069642264,-0.2144432869778022,0.9668962236015456,0.8649348723078443,1.0,0.9342980825418508,-0.0445637732706575,-0.0971243883396224,0.5337951037996856,0.6039052332781166,-0.3420330779690755,-0.1388902282740805,-0.01849735177715201,0.5337951037996856,-0.009145867271924233,0.8468220323777761,0.6893089787350289,0.8384048276208059,,,,,,,-0.006344137663465361,-0.0007442771814552152,0.0736900568175168,0.05470218926490797,0.19394127409692408,0.42455961902198985,-0.008473349624168057,0.15647826261026745,0.01324705156406808,0.014800263286601502,0.02717170696798217,0.01128596669715536,0.07937607480053276,0.07270260963967852,0.08275593145628742,0.07267691751254603
pkt_len_var,0.030695999013995334,0.3008932958481175,-0.00286987128111719,0.09181692744904585,0.0013257037621183668,0.07500040741525178,0.6014224726885917,-0.19577876543666933,0.5034337323075175,0.5598825603288696,0.8108562393534524,-0.22758712671425813,0.9141475135982836,0.862800656860612,-0.015034614493310687,-0.12075611028669266,-0.09162394211306056,0.26396083540464416,0.15325008024427828,-0.10802252763751648,0.2940108970267748,-0.06808818522198067,0.35100043454232244,0.14569634628692416,-0.10949932851229861,0.4130989373798438,0.09802323053414963,0.3336226774282164,0.37741447047034843,-0.027731256099462986,-0.08423674578148403,,-0.013102763041827628,,0.004218572954743556,0.09585186098714647,-0.10415516241449588,-0.10818036623540646,-0.1997987097256212,0.8466282092062347,0.9058596311899105,0.9342980825418508,1.0,-0.03174829349017802,-0.08423674578148403,0.41174513733805107,0.5010647494253203,-0.2566547440691865,-0.10027847266740172,-0.013102763041827628,0.41174513733805107,0.022660603228000405,0.8777810818487878,0.5034337323075176,0.9141475135982838,,,,,,,-0.0028698712811171903,0.0013257037621183675,0.09181692744904585,0.0750008148867513,0.1441211620633954,0.2737168742352392,-0.005737421335182518,0.14128200992833667,0.0237040788625769,0.024521196266389746,0.03964348708923062,0.019144164875672925,0.13358370618186377,0.0908097564560564,0.1374458896613323,0.12568179077647193
fin_flag_cnt,0.07804474391102319,-0.02431032083854337,-0.0009997135865447936,-0.0024304496357659545,-0.001303010693939065,-0.00139187353337617,-0.04232754799752346,-0.0263403345735843,-0.05113191480430459,-0.03807042484497022,-0.04031819503263836,-0.031495181912621344,-0.03993050486843971,-0.03649525384946248,-0.003572806331066118,0.043495331797645774,-0.015211749921290428,-0.01529228709511955,-0.02138508682983945,-0.013636039727979004,-0.023982625469832007,-0.016476356443423434,-0.015955434448122675,-0.021173397633453685,-0.013975916768516948,-0.017958225446843865,-0.011256474839838519,-0.014146381280130259,-0.015058066981609441,-0.004445297779590964,-0.012934917242598864,,-0.0016642330013218725,,-0.0012176016107932407,-0.0025946045797290798,0.06024313952576889,-0.011984612935207339,-0.0265416530786074,-0.04566659524276915,-0.044738005796194996,-0.0445637732706575,-0.03174829349017802,1.0,-0.012934917242598864,-0.030268444828446792,-0.0533615350502233,-0.0059010224866032045,-0.014279807408493876,-0.0016642330013218725,-0.030268444828446792,0.004437362648396163,-0.049050998150793494,-0.051131914804304596,-0.0399305048684397,,,,,,,-0.0009997135865447936,-0.0013030106939390651,-0.0024304496357659545,-0.0013918836037318985,-0.03860381672919718,-0.023664504584300583,-0.0009385785734603736,0.006844981193579117,-0.004068767221995222,-0.0033877185311882393,-0.004754084521555466,-0.0032234821956928436,-0.018097365845330535,-0.0055167219993967785,-0.01831795854987211,-0.01770059934247124
syn_flag_cnt,0.0894760285621509,0.020129430202090758,-0.0022636456516590296,0.009910959825078895,-0.0027648864211544917,0.010664550817847188,-0.08573374475228628,-0.04877091376660299,-0.0528927658209059,-0.06676450646918837,-0.11319343981957493,-0.0597812119790077,-0.09906684473262213,-0.10872422774122331,0.16668450830989606,0.07078314026782864,-0.02201528865693413,0.13402163503098877,0.02359423243652851,-0.03830505328196979,0.020845024419315995,-0.008807255818867711,0.12343248850430853,0.02547195685077413,-0.029137160545954537,0.03473695216918177,0.14895383117311484,0.018528149503658504,0.06076768937393057,0.1567198328131291,1.0,,0.12866205249779614,,-0.0017270197614417393,0.009510341331100848,0.09629366858664394,-0.010609311990289751,-0.06362076219749542,-0.11084284989485096,-0.06018213138164129,-0.0971243883396224,-0.08423674578148403,-0.012934917242598864,1.0,-0.08982042231811506,-0.15374069593200437,0.25437283178543607,-0.0037698381117379667,0.12866205249779616,-0.08982042231811506,-0.09579593790599605,-0.059685396884563646,-0.05289276582090591,-0.09906684473262212,,,,,,,-0.0022636456516590296,-0.002764886421154492,0.009910959825078895,0.010665186619845385,-0.09534271195401982,-0.07085296082033246,-0.002627750400265873,0.03099690670685899,0.0036758297884798325,-0.0006314031802181165,0.002784873616567673,0.004227573479872956,0.03449447523100737,0.03694064862803744,0.03710265629044397,0.03090479139915675
rst_flag_cnt,0.07237034486166918,0.05398565677212999,-0.005120906383286429,0.007211011025418129,-0.0017036462361435872,-0.002132666140873438,0.5140398147014723,-0.18290801023512576,0.4436805239884419,0.49808841116158575,0.5011032578314953,-0.2187034124239295,0.33220667290451983,0.5357546923745533,-0.009841846134747317,-0.10615142243462984,-0.09091759015801246,0.05792875435004658,-0.023871552470000054,-0.09481238294582241,0.05200481516876758,-0.08456270587609556,0.07887732295614018,-0.025927020973069065,-0.09633874043432795,0.13987254305056923,0.04210029163185705,0.12636440485938505,0.12017886285078647,-0.022443899225946796,-0.08982042231811506,,-0.011556479891667512,,-0.0034184507292310587,0.008745529476155048,-0.09168121758241604,-0.09489353274950786,-0.18430597149010947,0.5617264347665317,0.361953826095833,0.5337951037996856,0.41174513733805107,-0.030268444828446792,-0.08982042231811506,1.0,0.5672333976141862,-0.3436318286497474,-0.09915937674716245,-0.01155647989166751,1.0,-0.057292949856833614,0.3511973918602712,0.4436805239884419,0.3322066729045198,,,,,,,-0.005120906383286429,-0.0017036462361435876,0.007211011025418129,-0.0021323971482055722,0.3443050876045409,0.5047799527529477,-0.005458644091565426,0.05344729216232961,-0.00538651696604966,-0.006182235055332704,-0.004061380806032675,-0.002430211525610739,-0.00680434368315541,0.009822502951675239,-0.006629957256099255,-0.007787101653022558
psh_flag_cnt,-0.14354213822338116,0.11938151904805068,-0.008864343593546504,0.034514540315997495,-0.005351736043385938,0.01875403604858967,0.4835962637261103,-0.3224563486643211,0.3760697059182946,0.4422861881011629,0.6484576888201871,-0.3855471360259066,0.43070068501271935,0.6707520197199175,-0.027812905122556308,0.09804556072208333,-0.1561332959294136,0.13549864496622582,-0.022247859815881257,-0.16687762214095428,0.11003324941372475,-0.14523577547687225,0.15851886768464643,-0.03386682029378979,-0.16927607391449856,0.2635791261221131,0.10287841115794223,0.23363681581285656,0.21909501540004736,-0.021333845733345833,-0.15374069593200437,,0.014136112148763183,,-0.005160621711569475,0.039315746257325646,0.03028635940710077,0.19270486435705614,-0.32492087430908784,0.638429044698391,0.4349100702962744,0.6039052332781166,0.5010647494253203,-0.0533615350502233,-0.15374069593200437,0.5672333976141862,1.0,-0.6052278414674289,-0.17060493465886567,0.014136112148763183,0.5672333976141862,0.03824116637757987,0.39815745513411943,0.37606970591829464,0.43070068501271935,,,,,,,-0.008864343593546502,-0.0053517360433859365,0.034514540315997495,0.01875552326023859,0.3125462025792286,0.47534308003249465,-0.009686970577143362,0.3281826602360981,-0.000391782348456334,-0.004962892892531162,0.004489362280971595,0.004239740269146327,-0.01549965889785104,0.03988098315292533,-0.012801566921578359,-0.019430811677978076
ack_flag_cnt,0.3916731456525586,-0.02320543485147771,-0.010782216084407971,-0.01886115421229553,-0.012488158066045878,-0.009169294362662148,-0.21321727482863165,-0.2857734001632667,-0.2876847924357089,-0.13547669155758554,-0.41964324223722105,-0.343162130328934,-0.40320119440556934,-0.364936384863548,0.04004576293685929,0.008462444768475042,0.20717729763445142,-0.04064798941211477,0.12333195870564277,0.210109227400286,-0.018297793805871744,0.20203005334560403,-0.05081416038823978,0.1299784068998571,0.21007400042037272,-0.1355358900694879,-0.034962112616192295,-0.12154968337985633,-0.11194416217711543,0.030676458777639082,0.25437283178543607,,-0.01889371696447458,,-0.011809328672679474,-0.019279137527523575,0.05989126100972913,-0.0941410900464333,-0.295329309156047,-0.36701129837062435,-0.36982131556120373,-0.3420330779690755,-0.2566547440691865,-0.0059010224866032045,0.25437283178543607,-0.3436318286497474,-0.6052278414674289,1.0,0.28215914885298476,-0.01889371696447458,-0.3436318286497474,-0.33679706076217203,-0.40647147304076486,-0.28768479243570894,-0.40320119440556934,,,,,,,-0.010782216084407971,-0.012488158066045878,-0.01886115421229553,-0.009169110270234771,-0.02082141622988476,-0.27604270635299116,-0.010487182200506257,0.3701943550101087,-0.032928226483693736,-0.03007696977628335,-0.038532545424144415,-0.025021779264887124,0.0871350389571001,-0.035470688240835394,0.08286040603432339,0.09074349511073602
urg_flag_cnt,0.2960045879086508,-0.06927542645220365,-0.003338371645584522,-0.007255929170971681,-0.004158097182156887,-0.004558836277828716,-0.12174809077800441,-0.07163083379071786,-0.1457478744041591,-0.10741693097350435,-0.13221153363839938,-0.10317816546884265,-0.1321048652851542,-0.12088784469098847,-0.011871043931953458,0.03910970376667939,-0.04471739242374851,-0.029272817573254815,-0.05483313174927844,-0.04147242241317416,-0.06742789507211047,-0.04652758132345693,-0.023480677396302812,-0.05275443558174761,-0.042261422678825815,-0.05078398741759333,-0.02186696073334822,-0.014249264877270665,-0.02878458081180445,-0.014071667117423818,-0.0037698381117379667,,0.11654449907580615,,-0.004073161359328329,-0.007495746092158474,0.016982565320071114,0.06750470166853882,-0.07484921721738545,-0.1415354787568019,-0.13872910184130685,-0.1388902282740805,-0.10027847266740172,-0.014279807408493876,-0.0037698381117379667,-0.09915937674716245,-0.17060493465886567,0.28215914885298476,1.0,0.11654449907580612,-0.09915937674716245,0.12603357479700697,-0.1512509191014389,-0.1457478744041591,-0.1321048652851542,,,,,,,-0.003338371645584522,-0.004158097182156887,-0.00725592917097168,-0.004558869226039866,-0.0879513052757909,-0.041960385370002434,-0.0030641505400455823,0.11152247235858662,-0.009870154409843786,-0.011098160478721935,-0.0129919332160361,-0.006469845522199557,-0.0474157462917329,-0.006588999521664238,-0.04690182190389843,-0.04703405715977076
cwe_flag_count,0.0016657434257280263,-0.009305372484064628,-0.00037922463431237503,-0.0010378612303168135,-0.0005024402524763506,-0.0005348043820165072,-0.016997466670996962,-0.010056728998291123,-0.02054332422471204,-0.015558891981585193,-0.01687223077155428,-0.01202484761012693,-0.016362486825273383,-0.015763661974496763,-0.0014366163581531974,-0.005913968385154396,-0.005525016797425175,-0.006523888720313708,-0.008172980951889721,-0.004842077164574693,-0.009083637613056616,-0.005945266841662042,-0.006573315374698071,-0.007926704877332148,-0.0049125067927835,-0.00695825059639429,-0.004627994245516565,-0.005939057049943136,-0.006008411657915949,-0.001702353559928438,0.12866205249779616,,1.0,,-0.0003899756198266319,-0.0011172072161115872,-0.00511055936122964,-0.005290578719308902,-0.010133592321408775,-0.018838387395274103,-0.01810576785154739,-0.01849735177715201,-0.013102763041827628,-0.0016642330013218725,0.12866205249779616,-0.01155647989166751,0.014136112148763183,-0.01889371696447458,0.11654449907580612,1.0,-0.011556479891667512,-0.016374509925504183,-0.019823451223365113,-0.020543324224712035,-0.016362486825273383,,,,,,,-0.00037922463431237503,-0.0005024402524763506,-0.0010378612303168135,-0.0005348083792984636,0.01510720234585351,-0.010271030490961262,-0.00035881185536584115,0.06361740328415766,-0.0016561327801760059,-0.0012934295536555472,-0.001891763623245561,-0.0013521382924684114,-0.00708006566955273,-0.002210984483037345,-0.0071689169420794795,-0.006922488098230795
ece_flag_cnt,0.07237034486166918,0.05398565677212999,-0.005120906383286429,0.007211011025418129,-0.0017036462361435872,-0.002132666140873438,0.5140398147014723,-0.18290801023512576,0.4436805239884419,0.49808841116158575,0.5011032578314953,-0.2187034124239295,0.33220667290451983,0.5357546923745533,-0.009841846134747317,-0.10615142243462984,-0.09091759015801246,0.05792875435004658,-0.023871552470000054,-0.09481238294582241,0.05200481516876758,-0.08456270587609556,0.07887732295614018,-0.025927020973069065,-0.09633874043432795,0.13987254305056923,0.04210029163185705,0.12636440485938505,0.12017886285078647,-0.022443899225946796,-0.08982042231811506,,-0.011556479891667512,,-0.0034184507292310587,0.008745529476155048,-0.09168121758241604,-0.09489353274950786,-0.18430597149010947,0.5617264347665317,0.361953826095833,0.5337951037996856,0.41174513733805107,-0.030268444828446792,-0.08982042231811506,1.0,0.5672333976141862,-0.3436318286497474,-0.09915937674716245,-0.011556479891667512,1.0,-0.057292949856833614,0.3511973918602712,0.4436805239884419,0.3322066729045198,,,,,,,-0.005120906383286429,-0.0017036462361435876,0.007211011025418129,-0.0021323971482055722,0.3443050876045409,0.5047799527529477,-0.005458644091565426,0.05344729216232961,-0.00538651696604966,-0.006182235055332704,-0.004061380806032675,-0.002430211525610739,-0.00680434368315541,0.009822502951675239,-0.006629957256099255,-0.007787101653022558
down_up_ratio,-0.1996363300705902,-0.050396771950954454,-0.007792850159462178,0.164548140906433,-0.008970679551611458,0.142415374985042,-0.13404159240773864,0.24521148593294317,-0.042811663265429276,-0.14634522469288785,0.02091281537555577,0.32915417006229625,0.1668206196543046,-0.03389029978661824,-0.005975360711994594,0.0731309378402724,-0.1389422770802803,-0.0006562681646178593,-0.08706033660915286,-0.1370470800067572,-0.06365483270487225,-0.13795766400601508,-0.009352752758815381,-0.10337369838910283,-0.13270378959729617,0.05005281209548059,-0.0008980150984745336,0.04271916543937573,0.07285855509764376,-0.003645616562781199,-0.09579593790599605,,-0.016374509925504183,,-0.005951579421122371,0.16499543925355592,0.018457146216854854,0.15165248843842652,0.24315736493816317,-0.03718899107384177,0.15654276661180155,-0.009145867271924233,0.022660603228000405,0.004437362648396163,-0.09579593790599605,-0.057292949856833614,0.03824116637757987,-0.33679706076217203,0.12603357479700697,-0.016374509925504183,-0.057292949856833614,1.0,0.1811102715683498,-0.042811663265429296,0.16682061965430464,,,,,,,-0.007792850159462178,-0.008970679551611458,0.164548140906433,0.1424212203942568,-0.13008553962941763,-0.16875507790199862,-0.00876830850165193,-0.19997610628207774,0.016800481546621893,-0.0073790188820266655,0.011963676177309682,0.023688512694801885,-0.06735571310557899,0.03125205156877531,-0.0649736453470054,-0.06987694657815521
pkt_size_avg,-0.04792350536994815,0.21605304619304652,-0.0015700487160591507,0.1818747744169056,0.002402003387388107,0.16658250976762476,0.5755376334196846,0.15453717852136226,0.6081791887070106,0.5096997928335598,0.7275779493976925,0.08141393377038365,0.9325363852806389,0.7223804045114224,0.008336995418777554,-0.17293293929629724,-0.14228746193749559,0.22284033812776,0.09036951918126851,-0.15710408303043,0.2100204840340299,-0.12260582231867605,0.3076362117478998,0.08380138920931915,-0.15802435078923244,0.3336535227118174,0.06847758196445164,0.25682673345427537,0.32531591655259046,-0.01711952467423413,-0.059685396884563646,,-0.019823451223365113,,0.007295420046065346,0.18507753782348274,-0.14667163176950357,-0.1594927537867906,0.15025935385255465,0.7667051359387103,0.9933137133002993,0.8468220323777761,0.8777810818487878,-0.049050998150793494,-0.059685396884563646,0.3511973918602712,0.39815745513411943,-0.40647147304076486,-0.1512509191014389,-0.019823451223365113,0.3511973918602712,0.1811102715683498,1.0,0.6081791887070105,0.9325363852806389,,,,,,,-0.00157004871605915,0.002402003387388107,0.1818747744169056,0.16658505214571903,0.050575960618241905,0.26559793931122766,-0.005419675563070117,-0.0845914040209188,0.025592038809229924,0.0173053809115361,0.03788243202244562,0.02470329125101785,0.07076647720183189,0.13245557754442464,0.08141803605489095,0.05910283371721133
fwd_seg_size_avg,0.23383462988895434,-0.004369380389802804,-0.0033195594064397965,0.005689156139986815,0.0064269547488973134,-0.007127902554508669,0.8879843897417321,0.13683165902960856,1.0,0.8884629924813714,0.5090085091391585,-0.06109312463646409,0.37537867980520395,0.5432238713978012,0.017154866428613993,-0.17760035743299932,-0.14986024236087966,0.117299716562456,-0.051299036494132096,-0.16180439465514826,-0.005289250520682716,-0.1399047032449296,0.1484726965764042,-0.05050176962278223,-0.16110518256737064,0.06706753223772206,0.031153672417656486,0.08969291146708656,0.07325798034033724,-0.010333476406850233,-0.05289276582090591,,-0.020543324224712035,,-0.0012067288737186881,0.008808476301628398,-0.15086182646021784,-0.16325369606601153,0.12212161419384657,0.7111331543629891,0.584282805745195,0.6893089787350289,0.5034337323075176,-0.051131914804304596,-0.05289276582090591,0.4436805239884419,0.37606970591829464,-0.28768479243570894,-0.1457478744041591,-0.020543324224712035,0.4436805239884419,-0.042811663265429296,0.6081791887070105,1.0,0.37537867980520395,,,,,,,-0.003319559406439796,0.006426954748897314,0.005689156139986816,-0.0071280387022196095,0.18331659883300241,0.45914495340742206,-0.0035104528255076994,0.07108696617491736,0.019846472909055935,-0.0025914737364742084,0.018751851312234266,0.025305837534720748,-0.07580838481926577,0.08281699325789499,-0.06471281636269688,-0.08374658044192171
bwd_seg_size_avg,-0.14417107117036074,0.25441255810464414,-0.003563373301743737,0.16221585032427144,-0.0016427918476815313,0.14680135430042884,0.4289774152424605,-0.009887585738373061,0.37537867980520395,0.35352359060586136,0.7834330048535836,0.061780846543403156,1.0,0.7791355266779061,-0.02172275735548928,-0.1503242171113521,-0.12233984546351345,0.23034449486613634,0.12003591076427657,-0.13484296039900537,0.24798646250437,-0.10142937933563062,0.3206679976545572,0.11280914236835395,-0.13649182534433404,0.3799327753730963,0.08531305868941241,0.2972960165547458,0.3655470682202753,-0.016524776357711626,-0.09906684473262212,,-0.016362486825273383,,0.005186134031317397,0.16502097009285976,-0.13016005198248173,-0.13356559133582366,-0.008543752257418198,0.7486928883610421,0.9415454267988557,0.8384048276208059,0.9141475135982838,-0.0399305048684397,-0.09906684473262212,0.3322066729045198,0.43070068501271935,-0.40320119440556934,-0.1321048652851542,-0.016362486825273383,0.3322066729045198,0.16682061965430464,0.9325363852806389,0.37537867980520395,1.0,,,,,,,-0.003563373301743737,-0.001642791847681531,0.16221585032427144,0.14680280170874688,0.024776926877397337,0.22652969336353315,-0.007430993761652015,-0.07336399187983683,0.015241967284263453,0.019327736507975417,0.031161802419002294,0.011797239899836108,0.10646522287945848,0.08758032811154697,0.11039797709685491,0.09888810956604135
fwd_byts_b_avg,,,,,,,,,,,,,,,,,,,,,,,,,,,,,,,,,,,,,,,,,,,,,,,,,,,,,,,,,,,,,,,,,,,,,,,,,,,,,
fwd_pkts_b_avg,,,,,,,,,,,,,,,,,,,,,,,,,,,,,,,,,,,,,,,,,,,,,,,,,,,,,,,,,,,,,,,,,,,,,,,,,,,,,
fwd_blk_rate_avg,,,,,,,,,,,,,,,,,,,,,,,,,,,,,,,,,,,,,,,,,,,,,,,,,,,,,,,,,,,,,,,,,,,,,,,,,,,,,
bwd_byts_b_avg,,,,,,,,,,,,,,,,,,,,,,,,,,,,,,,,,,,,,,,,,,,,,,,,,,,,,,,,,,,,,,,,,,,,,,,,,,,,,
bwd_pkts_b_avg,,,,,,,,,,,,,,,,,,,,,,,,,,,,,,,,,,,,,,,,,,,,,,,,,,,,,,,,,,,,,,,,,,,,,,,,,,,,,
bwd_blk_rate_avg,,,,,,,,,,,,,,,,,,,,,,,,,,,,,,,,,,,,,,,,,,,,,,,,,,,,,,,,,,,,,,,,,,,,,,,,,,,,,
subflow_fwd_pkts,-0.007344858394779628,0.05030944500841398,1.0,0.01677549410823289,0.9994699177031854,0.01675762962420658,-0.005532418348147209,0.010558417914051408,-0.003319559406439796,-0.006944583011755765,-0.005676050112977803,-0.007195308794144116,-0.0035633733017437367,-0.006113710569934602,-0.0007266035428473551,-0.0035640081154870236,-0.003385132280598877,-0.002371923894367728,-0.002778160310564974,-0.003105252399875083,0.05052852776728202,-0.0035156272526266005,-0.002085929705885761,-0.0028543826381599064,-0.003159872102488726,-9.920241780051355e-05,-0.0017859480267440615,-0.001764200653204023,-0.000617503898404056,-0.0008898712042746313,-0.0022636456516590296,,-0.00037922463431237503,,0.9990130517466559,0.016284085704177033,-0.003033662916795444,-0.003275061169819905,0.010801734718558725,-0.006015109327346524,-0.00012478438406488576,-0.006344137663465361,-0.0028698712811171903,-0.0009997135865447936,-0.0022636456516590296,-0.005120906383286429,-0.008864343593546502,-0.010782216084407971,-0.003338371645584522,-0.00037922463431237503,-0.005120906383286429,-0.007792850159462178,-0.00157004871605915,-0.003319559406439796,-0.003563373301743737,,,,,,,1.0,0.9994699177031854,0.01677549410823289,0.016755971567098415,-0.00761836759864113,-0.004460509718890088,0.9997374881148079,-0.01744275807039253,0.0011284322545629004,0.000760823862497503,0.0012216389128145442,0.0009520037437001636,-0.0025370782305799713,-1.2850095955051179e-06,-0.0025082534442320034,-0.0025534364994915892
subflow_fwd_byts,-0.006190469823533235,0.05142521687859119,0.9994699177031854,0.003570264158483329,1.0,0.003095384411899152,0.0023022009435756667,0.010244621140022381,0.006426954748897314,0.00033622621371539273,-0.0007527381722466618,-0.008938882144188587,-0.0016427918476815315,-0.0008840346163204515,-0.0007814197757311716,-0.004590741524385086,-0.004265017664410572,-0.0008715569454400009,-0.002730636885637681,-0.004116169733518442,0.05175518277406007,-0.004267292572952619,-0.00016359376587088162,-0.002595340454820418,-0.004181166555898949,0.0019214899822584009,-0.0009677701211158978,3.700326798968145e-05,0.000552333373366698,-0.0009136374717474689,-0.002764886421154492,,-0.0005024402524763506,,0.9976757255256102,0.0029332784264339937,-0.003933058071520379,-0.0041700122435846115,0.01035503980457589,0.00015198282310765812,0.003902279618210404,-0.0007442771814552152,0.0013257037621183675,-0.0013030106939390651,-0.002764886421154492,-0.0017036462361435876,-0.0053517360433859365,-0.012488158066045878,-0.004158097182156887,-0.0005024402524763506,-0.0017036462361435876,-0.008970679551611458,0.002402003387388107,0.006426954748897314,-0.001642791847681531,,,,,,,0.9994699177031854,1.0,0.003570264158483329,0.0030926825715025205,-0.006533473356787266,-0.00020537345967589876,0.9996644941965185,-0.015978530315696224,0.0010435369959446337,0.0005315435455265333,0.001291847729666936,0.0009628228370850438,-0.002777226966604249,0.0008306263323744455,-0.002649950467601426,-0.002875551348721874
subflow_bwd_pkts,-0.015145176856836527,0.06545230598657681,0.01677549410823289,1.0,0.003570264158483329,0.998134588482921,0.034574395115545574,-0.013082629426828331,0.005689156139986817,0.013762190632039374,0.07092529236036219,-0.01092294469420845,0.16221585032427147,0.03163488615829593,-0.0011953760537084348,-0.008493092929215273,-0.007849648667116531,0.013383596061870923,0.03200862026293142,-0.008576559370102528,0.05611698359836448,-0.006430284238304652,0.019145841997388557,0.01727527970199643,-0.008590994155132665,0.0853752125157188,0.0061380097027026025,0.020067091415818823,0.07135991819264494,-0.001232349128999198,0.009910959825078895,,-0.0010378612303168135,,0.04831365222974654,0.9953917553179961,-0.007575028394170451,-0.007142478113037076,-0.013230866920604323,0.06525505007936673,0.1930293026919295,0.0736900568175168,0.09181692744904585,-0.0024304496357659545,0.009910959825078895,0.007211011025418129,0.034514540315997495,-0.01886115421229553,-0.00725592917097168,-0.0010378612303168135,0.007211011025418129,0.164548140906433,0.1818747744169056,0.005689156139986816,0.16221585032427144,,,,,,,0.01677549410823289,0.003570264158483329,1.0,0.9981233572103896,-0.0017148700980754268,0.0051342539557368335,0.000850549519513018,0.005384773624949082,0.03821763130807686,0.014538775314022924,0.03880350191837892,0.03840399784130819,0.03127260074931613,0.04106364677773207,0.033785897844846605,0.028086624011695017
subflow_bwd_byts,-0.010216696784596238,0.048792541609849964,0.016755971567098415,0.9981233572103896,0.0030926825715025205,0.9999999376478808,0.017384681827465633,-0.008076739021609585,-0.0071280387022196095,0.0008095987378406825,0.04895095187997249,-0.005470676123924344,0.14680280170874688,0.012563458393919355,-0.00034954519786272874,-0.00496704633264281,-0.004536039362108042,0.004119106953475233,0.027752612752157246,-0.004409340725862398,0.039537679074241064,-0.004160081520498619,0.008185888858544843,0.01300850495152554,-0.004489781752542335,0.06232912879587205,-0.0009068187168551576,0.007083825845413561,0.057064130264758026,-0.0013583013944666968,0.010665186619845385,,-0.0005348083792984636,,0.04821613924739292,0.9963252420312978,-0.004299772968085543,-0.004429333014505734,-0.008136226663469654,0.04419030325370102,0.17658898893160935,0.05470218926490797,0.0750008148867513,-0.0013918836037318985,0.010665186619845385,-0.0021323971482055722,0.01875552326023859,-0.009169110270234771,-0.004558869226039866,-0.0005348083792984636,-0.0021323971482055722,0.1424212203942568,0.16658505214571903,-0.0071280387022196095,0.14680280170874688,,,,,,,0.016755971567098415,0.0030926825715025205,0.9981233572103896,1.0,-0.0024027587108555438,-0.003581034706428802,0.000822086588212804,0.0019361180235196167,0.034242104378366486,0.011589415531707597,0.033715243444381544,0.035110771338392265,0.02663041667367624,0.03650774949226995,0.028883120718787934,0.023870451777079218
init_fwd_win_byts,0.2286679996661993,0.0915740439193843,-0.00761836759864113,-0.0017148700980754268,-0.006533473356787266,-0.002403116091331598,0.23830950818151858,-0.2324079246212806,0.18331659883300241,0.29783593066698816,0.07807659716478338,-0.27786250984773087,0.024776926877397333,0.16433546709664687,-0.008849610428219154,0.03596283483738655,0.2908229433066727,-0.060477810680524005,0.2128831686350189,0.2984214287859417,0.09295693870450172,0.2814820873415579,-0.05797203395453437,0.2152861086209534,0.291408824095695,-0.03672698032522114,-0.037692857534209256,-0.03307501520452328,-0.03959826375245798,-0.024826764224040836,-0.09534271195401982,,0.01510720234585351,,-0.006944794742531579,-0.0006737185602461959,0.00569858027011367,0.08125223641048901,-0.23475431354739454,0.1716613400866327,0.06550146808891989,0.19394127409692408,0.1441211620633954,-0.03860381672919718,-0.09534271195401982,0.3443050876045409,0.3125462025792286,-0.02082141622988476,-0.0879513052757909,0.01510720234585351,0.3443050876045409,-0.13008553962941763,0.050575960618241905,0.18331659883300241,0.024776926877397337,,,,,,,-0.00761836759864113,-0.006533473356787266,-0.0017148700980754268,-0.0024027587108555438,1.0,0.1759178343461812,-0.007700991608511295,0.21606230034953589,-0.02322187270052563,-0.019834174589642647,-0.025581911212634346,-0.01779591120034349,0.26086378345261113,-0.01863723148285793,0.25553883497611024,0.2643999001743159
init_bwd_win_byts,0.03213573623665707,-0.08640831347771566,-0.004460509718890088,0.0051342539557368335,-0.00020537345967589876,-0.0035811979299144652,0.5539153402387288,-0.16249172459327724,0.45914495340742206,0.4590364455969687,0.5223087673184478,-0.1919606942929127,0.22652969336353315,0.4780947954861321,-0.01486145880108729,-0.09229855989994017,-0.08849290082850413,-0.046558834897778484,-0.09815273993793687,-0.084654088356938,-0.08456982872398891,-0.08958675661176795,-0.03723591448935212,-0.09285565834944581,-0.08585493249766678,-0.03494269064140146,-0.014938774173516986,-0.024701194500867538,-0.028538040293932122,-0.006258874283884079,-0.07085296082033246,,-0.010271030490961262,,-0.0028821193673692117,0.0056449327509755075,-0.0801521748036152,-0.08169611633096119,-0.16380485288105145,0.5288022758467072,0.2816741392551309,0.42455961902198985,0.2737168742352392,-0.023664504584300583,-0.07085296082033246,0.5047799527529477,0.47534308003249465,-0.27604270635299116,-0.041960385370002434,-0.010271030490961262,0.5047799527529477,-0.16875507790199862,0.26559793931122766,0.45914495340742206,0.22652969336353315,,,,,,,-0.004460509718890088,-0.00020537345967589876,0.0051342539557368335,-0.003581034706428802,0.1759178343461812,1.0,-0.004731408050475353,0.045001062136016595,-0.011213963232355486,-0.014506278310988318,-0.015305003762238032,-0.00642820621044086,-0.09554659163606381,-0.02635671105864122,-0.09662240029296437,-0.09378269429455212
fwd_act_data_pkts,-0.007138411751448455,0.0484326797612848,0.9997374881148079,0.000850549519513018,0.9996644941965185,0.0008244632550254501,-0.006533982429640949,0.011111040832403881,-0.0035104528255076994,-0.007458095938476571,-0.007419248364773557,-0.0066985519166935055,-0.007430993761652015,-0.007046287419854754,-0.0006876641860320825,-0.0032824247098330373,-0.003262469693226896,-0.002832062997748615,-0.0036590107667065757,-0.002956022207506075,0.04878696583084474,-0.0034254093802829747,-0.0027157263615026294,-0.003524163811886844,-0.003006097370431327,-0.002214895734988198,-0.0019453882123801889,-0.0023630376228030744,-0.0023082804883692563,-0.0008635921957324408,-0.002627750400265873,,-0.00035881185536584115,,0.9977730738011104,0.00018520713494033186,-0.0028083219468684503,-0.00298839255257165,0.01135862249008117,-0.007695967743500693,-0.004239240506412711,-0.008473349624168057,-0.005737421335182518,-0.0009385785734603736,-0.002627750400265873,-0.005458644091565426,-0.009686970577143362,-0.010487182200506257,-0.0030641505400455823,-0.00035881185536584115,-0.005458644091565426,-0.00876830850165193,-0.005419675563070117,-0.0035104528255076994,-0.007430993761652015,,,,,,,0.9997374881148079,0.9996644941965185,0.000850549519513018,0.000822086588212804,-0.007700991608511295,-0.004731408050475353,1.0,-0.01761098252918465,-0.0006711884181717276,-0.0004383746778738225,-0.0006740735321525785,-0.0005940660894422364,-0.0034000719952530676,-0.0008224239687922245,-0.0034236299355211593,-0.0033520522906450023
fwd_seg_size_min,0.20558782565136777,-0.043129093314523755,-0.01744275807039253,0.005384773624949082,-0.015978530315696224,0.0019349575985467943,0.23915421897522196,-0.5284276112490232,0.07108696617491736,0.2893333134899092,0.08500906481849473,-0.6330544947521011,-0.07336399187983683,0.16074578151149954,-0.005145709144844398,0.30945033193405314,-0.04721129516689986,0.04882649642176704,-0.013088167983271353,-0.05067350019712454,-0.04619594020923962,-0.043144759670662086,0.05727575233550297,-0.015884649383608045,-0.05049273656034466,0.03296547976275508,0.030248043467505464,0.050496638932288576,0.03901733082889831,0.0027643043169484865,0.03099690670685899,,0.06361740328415766,,-0.015023973718885012,0.010318151840123932,0.21359272983564853,0.38102474881026904,-0.537889512092439,0.16193888819803934,-0.02194663254570424,0.15647826261026745,0.14128200992833667,0.006844981193579117,0.03099690670685899,0.05344729216232961,0.3281826602360981,0.3701943550101087,0.11152247235858662,0.06361740328415766,0.05344729216232961,-0.19997610628207774,-0.0845914040209188,0.07108696617491736,-0.07336399187983683,,,,,,,-0.01744275807039253,-0.015978530315696224,0.005384773624949082,0.0019361180235196167,0.21606230034953589,0.045001062136016595,-0.01761098252918465,1.0,-0.05810868813534324,-0.06326025731751289,-0.06564318421223143,-0.03662528790878819,-0.03503217233169015,-0.010520426219053277,-0.03583870820353276,-0.03444352596535658
active_mean,-0.029074703628695776,0.1616985251634809,0.0011284322545629004,0.03821763130807686,0.0010435369959446337,0.034243357355134084,0.013290237918909818,0.011228141344665096,0.019846472909055935,0.005304653101740655,0.014989433487989768,-0.029193831947654725,0.015241967284263452,0.00835270317213081,-0.0037233223423757075,-0.015423656185603356,-0.0024217098601876396,0.06977338431077691,0.05860613172866815,-0.011677547211719451,0.15644336095128578,-0.001448538635466171,0.06486215105562887,0.053753607091278556,-0.011412961281564845,0.06840148664676617,0.03666543000589838,0.05250048782422157,0.06593799846270516,0.01541607790088253,0.0036758297884798325,,-0.0016561327801760059,,0.0018621802578486283,0.037853934626399896,-0.013328080643106225,-0.01379813280528201,0.010117781470374091,0.01418501009191416,0.031028587415458678,0.01324705156406808,0.0237040788625769,-0.004068767221995222,0.0036758297884798325,-0.00538651696604966,-0.000391782348456334,-0.032928226483693736,-0.009870154409843786,-0.0016561327801760059,-0.00538651696604966,0.016800481546621893,0.025592038809229924,0.019846472909055935,0.015241967284263453,,,,,,,0.0011284322545629004,0.0010435369959446337,0.03821763130807686,0.034242104378366486,-0.02322187270052563,-0.011213963232355486,-0.0006711884181717276,-0.05810868813534324,1.0,0.5450325097871145,0.9417590840886357,0.9078765608267745,0.052912506622103915,0.15493428664172404,0.06688396400058415,0.041287373747540414
active_std,-0.025867214270452285,0.1596934918071993,0.000760823862497503,0.014538775314022924,0.0005315435455265333,0.011594622142154643,0.004627403631798807,-0.016156196011651698,-0.002591473736474209,-0.0010816732306497402,0.015702898460630357,-0.021969314756481683,0.019327736507975417,0.011892377717221925,-0.002918306692989843,-0.0120458843750919,-0.004241883752649592,0.05154341651277386,0.04680102129892608,-0.009980018183140352,0.15984071064915253,-0.001313274837743356,0.05644718200141944,0.047220729721301105,-0.009923391762989247,0.07505291173363797,0.03010460717728989,0.04830704011078693,0.053304973044545366,0.007071783059505519,-0.0006314031802181165,,-0.0012934295536555472,,0.0003123794736470585,0.01325658015360734,-0.010409195893238793,-0.010776561386696644,-0.01721006628351117,0.012844103319745273,0.022556379953148808,0.014800263286601502,0.024521196266389746,-0.0033877185311882393,-0.0006314031802181165,-0.006182235055332704,-0.004962892892531162,-0.03007696977628335,-0.011098160478721935,-0.0012934295536555472,-0.006182235055332704,-0.0073790188820266655,0.0173053809115361,-0.0025914737364742084,0.019327736507975417,,,,,,,0.000760823862497503,0.0005315435455265333,0.014538775314022924,0.011589415531707597,-0.019834174589642647,-0.014506278310988318,-0.0004383746778738225,-0.06326025731751289,0.5450325097871145,1.0,0.7757033031036177,0.14501063230725394,0.041294186189246074,0.15122404400438352,0.05360201302823996,0.029864232650429957
active_max,-0.03476907158673997,0.2026150918819955,0.0012216389128145442,0.03880350191837892,0.001291847729666936,0.033719107168632446,0.02068336764163454,-0.0001835679339476396,0.018751851312234266,0.0102287732591229,0.02832122694280452,-0.032918215430241864,0.031161802419002287,0.020732883942461627,-0.0042574503639624915,-0.017618226017419414,-0.0038732647161081055,0.07656101855927261,0.06176810627436697,-0.013859688663681306,0.19876203544419674,-0.0009236915674150374,0.07450693226688991,0.058385502846589075,-0.013626538120473576,0.1085537159073441,0.04613684302003364,0.06342545362604972,0.07346446421484001,0.01346840884268589,0.002784873616567673,,-0.001891763623245561,,0.001893529238673866,0.0380199008280479,-0.01522439481261322,-0.01576142419547609,-0.0015545488250547118,0.026135325692985923,0.04499689811010271,0.02717170696798217,0.03964348708923062,-0.004754084521555466,0.002784873616567673,-0.004061380806032675,0.004489362280971595,-0.038532545424144415,-0.0129919332160361,-0.001891763623245561,-0.004061380806032675,0.011963676177309682,0.03788243202244562,0.018751851312234266,0.031161802419002294,,,,,,,0.0012216389128145442,0.001291847729666936,0.03880350191837892,0.033715243444381544,-0.025581911212634346,-0.015305003762238032,-0.0006740735321525785,-0.06564318421223143,0.9417590840886357,0.7757033031036177,1.0,0.7273938750058373,0.05604038622530741,0.1711042387951509,0.07104715296339788,0.04280126528821743
active_min,-0.022287164058088074,0.11634698330659585,0.0009520037437001636,0.03840399784130819,0.0009628228370850438,0.03510917457380339,0.015227088160339243,0.020583647743462823,0.025305837534720748,0.008069554265397641,0.01294822908601077,-0.02449898348379103,0.011797239899836104,0.006774932133902989,-0.0030349646137187245,-0.012592421072871817,-0.0008391436376590563,0.058181408713907305,0.046085339901913575,-0.00915603668108121,0.1100600881925914,-0.0008684161988553855,0.04992276600717354,0.0401724301957623,-0.008873569216512176,0.049989966324658595,0.030381723999531624,0.03979098620154812,0.05255533547838052,0.01456080543830269,0.004227573479872956,,-0.0013521382924684114,,0.0020989811929563256,0.038827715066919156,-0.010881600422755034,-0.011265248428268725,0.019797954840448724,0.013111939854237208,0.028761944905532102,0.01128596669715536,0.019144164875672925,-0.0032234821956928436,0.004227573479872956,-0.002430211525610739,0.004239740269146327,-0.025021779264887124,-0.006469845522199557,-0.0013521382924684114,-0.002430211525610739,0.023688512694801885,0.02470329125101785,0.025305837534720748,0.011797239899836108,,,,,,,0.0009520037437001636,0.0009628228370850438,0.03840399784130819,0.035110771338392265,-0.01779591120034349,-0.00642820621044086,-0.0005940660894422364,-0.03662528790878819,0.9078765608267745,0.14501063230725394,0.7273938750058373,1.0,0.04233967258228658,0.10679329682812308,0.052608334050257576,0.034278395602029596
idle_mean,0.04070476164723193,0.7351762065771315,-0.0025370782305799713,0.03127260074931613,-0.002777226966604249,0.026629669663933438,-0.02865265297214679,-0.07447213088790389,-0.07580838481926577,-0.0497020454423561,0.1026107608483075,-0.11520100143865379,0.1064652228794585,0.0912345755157386,-0.015992230969311193,-0.06595096936338435,0.7678794956781095,0.4770443427034946,0.9155795831298906,0.7239038099738129,0.7285302396498684,0.7920919115447509,0.46832997495383555,0.9073406123410471,0.7374910608777313,0.3852347015844566,0.3183159892066929,0.4533797366866958,0.5171808359715236,0.1767915090320166,0.03449447523100737,,-0.00708006566955273,,-0.0008721557420008272,0.03184828976269399,-0.05697904730295439,-0.05898998421867449,-0.0753226365283008,0.07763336707203919,0.09321731152692797,0.07937607480053276,0.13358370618186377,-0.018097365845330535,0.03449447523100737,-0.00680434368315541,-0.01549965889785104,0.0871350389571001,-0.0474157462917329,-0.00708006566955273,-0.00680434368315541,-0.06735571310557899,0.07076647720183189,-0.07580838481926577,0.10646522287945848,,,,,,,-0.0025370782305799713,-0.002777226966604249,0.03127260074931613,0.02663041667367624,0.26086378345261113,-0.09554659163606381,-0.0034000719952530676,-0.03503217233169015,0.052912506622103915,0.041294186189246074,0.05604038622530741,0.04233967258228658,1.0,0.12409537344166525,0.9958013206564768,0.9969199349530666
idle_std,-0.03383660944777559,0.21798636003030517,-1.2850095955051179e-06,0.04106364677773207,0.0008306263323744455,0.03650729620816515,0.03596407628360665,0.13067959833716097,0.08281699325789499,0.008854301846235136,0.07170360888269334,-0.037602380370897276,0.08758032811154697,0.06319773285152762,-0.004979140270483569,-0.02059140873789779,0.01676089439475727,0.2514675024931555,0.19074771480449335,-0.013930869952576698,0.2106550525694009,0.026182128223012583,0.2627954151506894,0.18560729036913073,-0.012387650937575023,0.18322345377334942,0.17956007846335445,0.23990626149617178,0.2943050968522167,0.08371478088257939,0.03694064862803744,,-0.002210984483037345,,0.0014603059907733291,0.04143619519722986,-0.017793519336083207,-0.01842114851496285,0.13327080265588262,0.07266837867377968,0.13782969640445347,0.07270260963967852,0.0908097564560564,-0.0055167219993967785,0.03694064862803744,0.009822502951675239,0.03988098315292533,-0.035470688240835394,-0.006588999521664238,-0.002210984483037345,0.009822502951675239,0.03125205156877531,0.13245557754442464,0.08281699325789499,0.08758032811154697,,,,,,,-1.2850095955051179e-06,0.0008306263323744455,0.04106364677773207,0.03650774949226995,-0.01863723148285793,-0.02635671105864122,-0.0008224239687922245,-0.010520426219053277,0.15493428664172404,0.15122404400438352,0.1711042387951509,0.10679329682812308,0.12409537344166525,1.0,0.20938355770549394,0.04871979288507703
idle_max,0.03737312441048906,0.7440606149216904,-0.0025082534442320034,0.033785897844846605,-0.002649950467601426,0.02888232284948876,-0.025414899781265106,-0.05526875216869661,-0.06471281636269688,-0.04868184010567218,0.10535207261886313,-0.11677062310491979,0.11039797709685492,0.09354699631107034,-0.016192055345241436,-0.06677894541786608,0.7586851909872959,0.49322481569211607,0.9192944413408598,0.7122989961345811,0.7369315787812982,0.7832346492659,0.4851429389026854,0.91076697970546,0.725781455287079,0.3943809255262239,0.332185360427086,0.4681388796615297,0.5345596203632198,0.1839856031778028,0.03710265629044397,,-0.0071689169420794795,,-0.0007483319750209538,0.03438121837224177,-0.05769410059790737,-0.05973025070950342,-0.05576222375113036,0.0813617999434712,0.10376874580954912,0.08275593145628742,0.1374458896613323,-0.01831795854987211,0.03710265629044397,-0.006629957256099255,-0.012801566921578359,0.08286040603432339,-0.04690182190389843,-0.0071689169420794795,-0.006629957256099255,-0.0649736453470054,0.08141803605489095,-0.06471281636269688,0.11039797709685491,,,,,,,-0.0025082534442320034,-0.002649950467601426,0.033785897844846605,0.028883120718787934,0.25553883497611024,-0.09662240029296437,-0.0034236299355211593,-0.03583870820353276,0.06688396400058415,0.05360201302823996,0.07104715296339788,0.052608334050257576,0.9958013206564768,0.20938355770549394,1.0,0.986146827719014
idle_min,0.044239702783842316,0.7183736319155366,-0.0025534364994915892,0.028086624011695017,-0.002875551348721874,0.023869652445729198,-0.03295032492728315,-0.08661273475797994,-0.08374658044192171,-0.05135658121564382,0.09610208859553288,-0.11249579777700656,0.09888810956604137,0.08542443105124092,-0.01563718829199921,-0.06448257618263718,0.7716426901691789,0.45886906344398737,0.9069348381242298,0.7301881428924056,0.7121978483880442,0.7949461318981108,0.4495917341853513,0.8989553187586551,0.7436792804917112,0.36798886772860573,0.30321299860013035,0.4365109924601796,0.49745553684477845,0.17025023210600293,0.03090479139915675,,-0.006922488098230795,,-0.0010139018238240032,0.02861407624566769,-0.05571089815795701,-0.057677104340207036,-0.08770103949226689,0.07088592685890303,0.08118398716826294,0.07267691751254603,0.12568179077647193,-0.01770059934247124,0.03090479139915675,-0.007787101653022558,-0.019430811677978076,0.09074349511073602,-0.04703405715977076,-0.006922488098230795,-0.007787101653022558,-0.06987694657815521,0.05910283371721133,-0.08374658044192171,0.09888810956604135,,,,,,,-0.0025534364994915892,-0.002875551348721874,0.028086624011695017,0.023870451777079218,0.2643999001743159,-0.09378269429455212,-0.0033520522906450023,-0.03444352596535658,0.041287373747540414,0.029864232650429957,0.04280126528821743,0.034278395602029596,0.9969199349530666,0.04871979288507703,0.986146827719014,1.0
